module,function,temp,reason
Init,Trig_Init_RevealStartArea_RevealForPlayer,udg_TempPoint,read before it is set (value comes from outside)
Init,Trig_Init_RevealStartArea_RevealForPlayer,udg_TempPoint2,read before it is set (value comes from outside)
Init,Trig_Init_RevealStartArea_Actions,udg_TempPoint,a called function also uses it (hand-off)
Init,Trig_Init_RevealStartArea_Actions,udg_TempPoint2,a called function also uses it (hand-off)
Chemist,Trig_Chemist_Pharmacology_Cond_NoChemistItem,udg_TempItemId,read before it is set (value comes from outside)
Chemist,Trig_Chemist_Pharmacology_Cond_IsTierFourItem,udg_TempItemId,read before it is set (value comes from outside)
Chemist,Trig_Chemist_Pharmacology_Cond_IsTierThreeItem,udg_TempItemId,read before it is set (value comes from outside)
Chemist,Trig_Chemist_Pharmacology_Cond_IsTierTwoItem,udg_TempItemId,read before it is set (value comes from outside)
Chemist,Trig_Chemist_Pharmacology_Cond_IsTierOneItem,udg_TempItemId,read before it is set (value comes from outside)
Chemist,Trig_Chemist_Pharmacology_Cond_IsManaItem,udg_TempItemId,read before it is set (value comes from outside)
Chemist,Trig_Chemist_Pharmacology_Cond_IsHealItem,udg_TempItemId,read before it is set (value comes from outside)
Chemist,Trig_Chemist_Pharmacology_Cond_IsElixir,udg_TempItemId,read before it is set (value comes from outside)
Chemist,Trig_Chemist_Pharmacology_Cond_HealsNegated,udg_TempUnit2,read before it is set (value comes from outside)
Chemist,Trig_Chemist_Pharmacology_Cond_IsHeroDrink,udg_TempItemId,read before it is set (value comes from outside)
Chemist,Trig_Chemist_Pharmacology_Actions,udg_TempForce,first set is inside an if/loop
Chemist,Trig_Chemist_Pharmacology_Actions,udg_TempInteger,first set is inside an if/loop
Chemist,Trig_Chemist_Pharmacology_Actions,udg_TempItemId,a called function also uses it (hand-off)
Chemist,Trig_Chemist_Pharmacology_Actions,udg_TempUnit2,a called function also uses it (hand-off)
Chemist,Trig_Chemist_LearnAlchemy_Cond_AlchemyMastered,udg_TempInteger,read before it is set (value comes from outside)
Chemist,Trig_Chemist_LearnAlchemy_Actions,udg_TempInteger,a called function also uses it (hand-off)
Exp,Trig_Exp_Distribution_NearTempUnit,udg_TempPoint3,read before it is set (value comes from outside)
Exp,Trig_Exp_Distribution_NearTempUnit,udg_TempPoint4,read before it is set (value comes from outside)
Exp,Trig_Exp_Distribution_HeroInExpRange,udg_TempPoint3,read before it is set (value comes from outside)
Exp,Trig_Exp_Distribution_HeroInExpRange,udg_TempPoint4,read before it is set (value comes from outside)
Exp,Trig_Exp_Distribution_Actions,udg_TempPoint3,a called function also uses it (hand-off)
Exp,Trig_Exp_Distribution_Actions,udg_TempPoint4,a called function also uses it (hand-off)
Freelancer,Trig_Freelancer_Stats_Conditions,udg_TempInteger,read before it is set (value comes from outside)
Freelancer,Trig_Freelancer_Stats_MasteryIsThree,udg_TempInteger,read before it is set (value comes from outside)
Freelancer,Trig_Freelancer_Stats_MasteryIsTwo,udg_TempInteger,read before it is set (value comes from outside)
Freelancer,Trig_Freelancer_Stats_HasMastery,udg_TempInteger,read before it is set (value comes from outside)
Freelancer,Trig_Freelancer_Stats_IsJobMastered,udg_TempInteger,read before it is set (value comes from outside)
Freelancer,Trig_Freelancer_Stats_IsMageJobMastered,udg_TempInteger,read before it is set (value comes from outside)
Freelancer,Trig_Freelancer_Stats_IsJob20Mastered,udg_TempInteger,read before it is set (value comes from outside)
Freelancer,Trig_Freelancer_Stats_IsJob21Mastered,udg_TempInteger,read before it is set (value comes from outside)
Freelancer,Trig_Freelancer_Stats_MasteryIsFour,udg_TempInteger,read before it is set (value comes from outside)
Freelancer,Trig_Freelancer_Stats_IsAgilityFreelancer,udg_TempInteger,read before it is set (value comes from outside)
Freelancer,Trig_Freelancer_Stats_IsStrengthFreelancer,udg_TempInteger,read before it is set (value comes from outside)
Freelancer,Trig_Freelancer_Stats_InBonusGroup58,udg_TempInteger,read before it is set (value comes from outside)
Freelancer,Trig_Freelancer_Stats_InBonusGroup57,udg_TempInteger,read before it is set (value comes from outside)
Freelancer,Trig_Freelancer_Stats_InBonusGroup38,udg_TempInteger,read before it is set (value comes from outside)
Freelancer,Trig_Freelancer_Stats_InBonusGroup37,udg_TempInteger,read before it is set (value comes from outside)
Freelancer,Trig_Freelancer_Stats_InBonusGroup36,udg_TempInteger,read before it is set (value comes from outside)
Freelancer,Trig_Freelancer_Stats_Actions,udg_TempInteger,a called function also uses it (hand-off)
Geomancer,Trig_Geomancer_Enchant_Apply_Actions,udg_TempInteger,first set is inside an if/loop
Geomancer,Trig_Geomancer_GayaRage_DamageEnum,udg_TempInteger,read before it is set (value comes from outside)
Geomancer,Trig_Geomancer_GayaRage_Actions,udg_TempInteger,a called function also uses it (hand-off)
Geomancer,Trig_Geomancer_GayaRage_Actions,udg_TempPoint2,first set is inside an if/loop
Hero_Death,Trig_Hero_Death_Revive_Actions,udg_TempForce,first set is inside an if/loop
Hero_EndlessGrowth,Trig_Hero_EndlessGrowth_Has_EndlessAbility,udg_TempPlayer,read before it is set (value comes from outside)
Hero_EndlessGrowth,Trig_Hero_EndlessGrowth_Endless_NeedsUpdate,udg_TempPlayer,read before it is set (value comes from outside)
Hero_EndlessGrowth,Trig_Hero_EndlessGrowth_Title_NeedsStatApply,udg_TempInteger,read before it is set (value comes from outside)
Hero_EndlessGrowth,Trig_Hero_EndlessGrowth_Title_NeedsStatApply,udg_TempPlayer,read before it is set (value comes from outside)
Hero_EndlessGrowth,Trig_Hero_EndlessGrowth_Actions,udg_TempInteger,a called function also uses it (hand-off)
Hero_EndlessGrowth,Trig_Hero_EndlessGrowth_Actions,udg_TempPlayer,a called function also uses it (hand-off)
Hero_LevelUp,Trig_Hero_LevelUp_Actions,udg_TempForce,first set is inside an if/loop
HolySwordsman,Trig_HolySwordsman_Finisher_RollHolyStrike,udg_TempInteger,read before it is set (value comes from outside)
HolySwordsman,Trig_HolySwordsman_Finisher_DamageEnum,udg_TempInteger,read before it is set (value comes from outside)
HolySwordsman,Trig_HolySwordsman_Finisher_RollMightySwipe,udg_TempInteger,read before it is set (value comes from outside)
HolySwordsman,Trig_HolySwordsman_Finisher_RollFailed,udg_TempInteger,read before it is set (value comes from outside)
HolySwordsman,Trig_HolySwordsman_Finisher_Actions,udg_TempGroup,first set is inside an if/loop
HolySwordsman,Trig_HolySwordsman_Finisher_Actions,udg_TempInteger,a called function also uses it (hand-off)
HolySwordsman,Trig_HolySwordsman_Finisher_Actions,udg_TempPoint,first set is inside an if/loop
Job,Trig_Job_Change_IsSameJob,udg_TempPlayer,read before it is set (value comes from outside)
Job,Trig_Job_Change_IsBuyerOwnHero,udg_TempPlayer,read before it is set (value comes from outside)
Job,Trig_Job_Change_IsValidBuyer,udg_TempPlayer,a called function also uses it (hand-off)
Job,Trig_Job_Change_HasSquire8,udg_TempPlayer,read before it is set (value comes from outside)
Job,Trig_Job_Change_HasKnight8,udg_TempPlayer,read before it is set (value comes from outside)
Job,Trig_Job_Change_HasArcher8,udg_TempPlayer,read before it is set (value comes from outside)
Job,Trig_Job_Change_HasChemist8,udg_TempPlayer,read before it is set (value comes from outside)
Job,Trig_Job_Change_HasWizard8,udg_TempPlayer,read before it is set (value comes from outside)
Job,Trig_Job_Change_HasPriest8,udg_TempPlayer,read before it is set (value comes from outside)
Job,Trig_Job_Change_HasMonk8Archer8,udg_TempPlayer,read before it is set (value comes from outside)
Job,Trig_Job_Change_HasThief8Knight8,udg_TempPlayer,read before it is set (value comes from outside)
Job,Trig_Job_Change_HasGeomancer8Thief8,udg_TempPlayer,read before it is set (value comes from outside)
Job,Trig_Job_Change_HasSamurai8Monk8,udg_TempPlayer,read before it is set (value comes from outside)
Job,Trig_Job_Change_HasSummoner8Priest8,udg_TempPlayer,read before it is set (value comes from outside)
Job,Trig_Job_Change_HasTimeMage8Wizard8,udg_TempPlayer,read before it is set (value comes from outside)
Job,Trig_Job_Change_HasMediator8TimeMage8,udg_TempPlayer,read before it is set (value comes from outside)
Job,Trig_Job_Change_HasOracle8Summoner8,udg_TempPlayer,read before it is set (value comes from outside)
Job,Trig_Job_Change_CanBeDarkKnight,udg_TempPlayer,read before it is set (value comes from outside)
Job,Trig_Job_Change_CanBeNecromancer,udg_TempPlayer,read before it is set (value comes from outside)
Job,Trig_Job_Change_HasJobLevel,udg_TempPlayer,read before it is set (value comes from outside)
Job,Trig_Job_Change_HasDivineShield,udg_TempPlayer,read before it is set (value comes from outside)
Job,Trig_Job_Change_HasEnchantment,udg_TempPlayer,read before it is set (value comes from outside)
Job,Trig_Job_Change_OldMasteryIsFour,udg_TempPlayer,read before it is set (value comes from outside)
Job,Trig_Job_Change_OldMasteryAtLeast4,udg_TempPlayer,read before it is set (value comes from outside)
Job,Trig_Job_Change_IsMainAlchemy,udg_TempInteger,read before it is set (value comes from outside)
Job,Trig_Job_Change_IsMainEnchant,udg_TempInteger,read before it is set (value comes from outside)
Job,Trig_Job_Change_IsSubAlchemy,udg_TempInteger,read before it is set (value comes from outside)
Job,Trig_Job_Change_HasBorrowedSkills,udg_TempInteger,read before it is set (value comes from outside)
Job,Trig_Job_Change_IsSlot1Alchemy,udg_TempInteger,read before it is set (value comes from outside)
Job,Trig_Job_Change_IsSlot1Enchant,udg_TempInteger,read before it is set (value comes from outside)
Job,Trig_Job_Change_IsFreelancerHero,udg_TempPlayer,read before it is set (value comes from outside)
Job,Trig_Job_Change_IsHeroDarkKnight,udg_TempPlayer,read before it is set (value comes from outside)
Job,Trig_Job_Change_NewMasteryIsFour,udg_TempPlayer,read before it is set (value comes from outside)
Job,Trig_Job_Change_NewMasteryAtLeast4,udg_TempPlayer,read before it is set (value comes from outside)
Job,Trig_Job_Change_NewMasteryAtLeast5,udg_TempPlayer,read before it is set (value comes from outside)
Job,Trig_Job_Change_NewSlot1Alchemy,udg_TempInteger,read before it is set (value comes from outside)
Job,Trig_Job_Change_HasSlot1Ability,udg_TempInteger,read before it is set (value comes from outside)
Job,Trig_Job_Change_HasSlot2Ability,udg_TempInteger,read before it is set (value comes from outside)
Job,Trig_Job_Change_HasSlot3Ability,udg_TempInteger,read before it is set (value comes from outside)
Job,Trig_Job_Change_HasSlot4Ability,udg_TempInteger,read before it is set (value comes from outside)
Job,Trig_Job_Change_NewIsFreelancer,udg_TempPlayer,read before it is set (value comes from outside)
Job,Trig_Job_Change_NewIsDarkKnight,udg_TempPlayer,read before it is set (value comes from outside)
Job,Trig_Job_Change_HasEvadeCounter,udg_TempPlayer,read before it is set (value comes from outside)
Job,Trig_Job_Change_IsStatLocked,udg_TempPlayer,read before it is set (value comes from outside)
Job,Trig_Job_Change_HasSummonUnit,udg_TempPlayer,read before it is set (value comes from outside)
Job,Trig_Job_Change_Actions,udg_TempForce,first set is inside an if/loop
Job,Trig_Job_Change_Actions,udg_TempInteger,a called function also uses it (hand-off)
Job,Trig_Job_Change_Actions,udg_TempPlayer,a called function also uses it (hand-off)
Job,Trig_Job_Change_Actions,udg_TempPoint,read before it is set (value comes from outside)
JobLevels,Trig_JobLevels_Update_SumPlayerJobLevels,udg_TempPlayer,a called function also uses it (hand-off)
JobLevels,Trig_JobLevels_Init_ComputeJobTotals,udg_TempPlayer,a called function also uses it (hand-off)
Lancer,Trig_Lancer_DragonSlam_KnockbackAndDamage,udg_TempInteger,read before it is set (value comes from outside)
Lancer,Trig_Lancer_DragonSlam_Actions,udg_TempInteger,a called function also uses it (hand-off)
Lancer,Trig_Lancer_DragonAlly_Actions,udg_TempUnit2,a called function also uses it (hand-off)
Lancer,Trig_Lancer_Jump_RangeCheck_TargetTooClose,udg_TempPoint,read before it is set (value comes from outside)
Lancer,Trig_Lancer_Jump_RangeCheck_TargetTooClose,udg_TempPoint2,read before it is set (value comes from outside)
Lancer,Trig_Lancer_Jump_RangeCheck_Actions,udg_TempForce,first set is inside an if/loop
Lancer,Trig_Lancer_Jump_RangeCheck_Actions,udg_TempPoint,a called function also uses it (hand-off)
Lancer,Trig_Lancer_Jump_RangeCheck_Actions,udg_TempPoint2,a called function also uses it (hand-off)
Legend_Archer,Trig_Legend_Archer_Talk_Cond_WrongJobOrLevel,udg_TempInteger,read before it is set (value comes from outside)
Legend_Archer,Trig_Legend_Archer_Talk_Cond_TaskLocked,udg_TempInteger,a called function also uses it (hand-off)
Legend_Archer,Trig_Legend_Archer_Talk_Cond_FirstVisit,udg_TempInteger,read before it is set (value comes from outside)
Legend_Archer,Trig_Legend_Archer_Talk_Actions,udg_TempForce,first set is inside an if/loop
Legend_Archer,Trig_Legend_Archer_Talk_Actions,udg_TempInteger,a called function also uses it (hand-off)
Legend_Calculator,Trig_Legend_Calculator_Talk_Cond_WrongJobOrLevel,udg_TempInteger,read before it is set (value comes from outside)
Legend_Calculator,Trig_Legend_Calculator_Talk_Cond_TaskLocked,udg_TempInteger,a called function also uses it (hand-off)
Legend_Calculator,Trig_Legend_Calculator_Talk_Cond_FirstVisit,udg_TempInteger,read before it is set (value comes from outside)
Legend_Calculator,Trig_Legend_Calculator_Talk_Actions,udg_TempForce,first set is inside an if/loop
Legend_Calculator,Trig_Legend_Calculator_Talk_Actions,udg_TempInteger,a called function also uses it (hand-off)
Legend_Chemist,Trig_Legend_Chemist_Talk_Cond_WrongJobOrLevel,udg_TempInteger,read before it is set (value comes from outside)
Legend_Chemist,Trig_Legend_Chemist_Talk_Cond_TaskLocked,udg_TempInteger,a called function also uses it (hand-off)
Legend_Chemist,Trig_Legend_Chemist_Talk_Cond_FirstVisit,udg_TempInteger,read before it is set (value comes from outside)
Legend_Chemist,Trig_Legend_Chemist_Talk_Actions,udg_TempForce,first set is inside an if/loop
Legend_Chemist,Trig_Legend_Chemist_Talk_Actions,udg_TempGroup,first set is inside an if/loop
Legend_Chemist,Trig_Legend_Chemist_Talk_Actions,udg_TempInteger,a called function also uses it (hand-off)
Legend_DarkKnight,Trig_Legend_DarkKnight_Talk_Cond_WrongJobOrLevel,udg_TempInteger,read before it is set (value comes from outside)
Legend_DarkKnight,Trig_Legend_DarkKnight_Talk_Cond_TaskLocked,udg_TempInteger,a called function also uses it (hand-off)
Legend_DarkKnight,Trig_Legend_DarkKnight_Talk_Cond_FirstVisit,udg_TempInteger,read before it is set (value comes from outside)
Legend_DarkKnight,Trig_Legend_DarkKnight_Talk_Actions,udg_TempForce,first set is inside an if/loop
Legend_DarkKnight,Trig_Legend_DarkKnight_Talk_Actions,udg_TempInteger,a called function also uses it (hand-off)
Legend_Geomancer,Trig_Legend_Geomancer_Talk_Cond_WrongJobOrLevel,udg_TempInteger,read before it is set (value comes from outside)
Legend_Geomancer,Trig_Legend_Geomancer_Talk_Cond_TaskLocked,udg_TempInteger,a called function also uses it (hand-off)
Legend_Geomancer,Trig_Legend_Geomancer_Talk_Cond_FirstVisit,udg_TempInteger,read before it is set (value comes from outside)
Legend_Geomancer,Trig_Legend_Geomancer_Talk_Actions,udg_TempForce,first set is inside an if/loop
Legend_Geomancer,Trig_Legend_Geomancer_Talk_Actions,udg_TempInteger,a called function also uses it (hand-off)
Legend_HolySwordsman,Trig_Legend_HolySwordsman_Talk_Cond_WrongJobOrLevel,udg_TempInteger,read before it is set (value comes from outside)
Legend_HolySwordsman,Trig_Legend_HolySwordsman_Talk_Cond_TaskLocked,udg_TempInteger,a called function also uses it (hand-off)
Legend_HolySwordsman,Trig_Legend_HolySwordsman_Talk_Cond_FirstVisit,udg_TempInteger,read before it is set (value comes from outside)
Legend_HolySwordsman,Trig_Legend_HolySwordsman_Talk_Actions,udg_TempForce,first set is inside an if/loop
Legend_HolySwordsman,Trig_Legend_HolySwordsman_Talk_Actions,udg_TempInteger,a called function also uses it (hand-off)
Legend_Knight,Trig_Legend_Knight_Talk_Cond_WrongJobOrLevel,udg_TempInteger,read before it is set (value comes from outside)
Legend_Knight,Trig_Legend_Knight_Talk_Cond_TaskLocked,udg_TempInteger,a called function also uses it (hand-off)
Legend_Knight,Trig_Legend_Knight_Talk_Cond_FirstVisit,udg_TempInteger,read before it is set (value comes from outside)
Legend_Knight,Trig_Legend_Knight_Talk_Actions,udg_TempForce,first set is inside an if/loop
Legend_Knight,Trig_Legend_Knight_Talk_Actions,udg_TempInteger,a called function also uses it (hand-off)
Legend_Lancer,Trig_Legend_Lancer_Talk_Cond_WrongJobOrLevel,udg_TempInteger,read before it is set (value comes from outside)
Legend_Lancer,Trig_Legend_Lancer_Talk_Cond_TaskLocked,udg_TempInteger,a called function also uses it (hand-off)
Legend_Lancer,Trig_Legend_Lancer_Talk_Cond_FirstVisit,udg_TempInteger,read before it is set (value comes from outside)
Legend_Lancer,Trig_Legend_Lancer_Talk_Actions,udg_TempForce,first set is inside an if/loop
Legend_Lancer,Trig_Legend_Lancer_Talk_Actions,udg_TempInteger,a called function also uses it (hand-off)
Legend_Mediator,Trig_Legend_Mediator_Talk_Cond_WrongJobOrLevel,udg_TempInteger,read before it is set (value comes from outside)
Legend_Mediator,Trig_Legend_Mediator_Talk_Cond_TaskLocked,udg_TempInteger,a called function also uses it (hand-off)
Legend_Mediator,Trig_Legend_Mediator_Talk_Cond_FirstVisit,udg_TempInteger,read before it is set (value comes from outside)
Legend_Mediator,Trig_Legend_Mediator_Talk_Actions,udg_TempForce,first set is inside an if/loop
Legend_Mediator,Trig_Legend_Mediator_Talk_Actions,udg_TempInteger,a called function also uses it (hand-off)
Legend_Monk,Trig_Legend_Monk_Talk_Cond_WrongJobOrLevel,udg_TempInteger,read before it is set (value comes from outside)
Legend_Monk,Trig_Legend_Monk_Talk_Cond_TaskLocked,udg_TempInteger,a called function also uses it (hand-off)
Legend_Monk,Trig_Legend_Monk_Talk_Cond_FirstVisit,udg_TempInteger,read before it is set (value comes from outside)
Legend_Monk,Trig_Legend_Monk_Talk_Actions,udg_TempForce,first set is inside an if/loop
Legend_Monk,Trig_Legend_Monk_Talk_Actions,udg_TempInteger,a called function also uses it (hand-off)
Legend_Necromancer,Trig_Legend_Necromancer_Talk_Cond_WrongJobOrLevel,udg_TempInteger,read before it is set (value comes from outside)
Legend_Necromancer,Trig_Legend_Necromancer_Talk_Cond_TaskLocked,udg_TempInteger,a called function also uses it (hand-off)
Legend_Necromancer,Trig_Legend_Necromancer_Talk_Cond_FirstVisit,udg_TempInteger,read before it is set (value comes from outside)
Legend_Necromancer,Trig_Legend_Necromancer_Talk_Actions,udg_TempForce,first set is inside an if/loop
Legend_Necromancer,Trig_Legend_Necromancer_Talk_Actions,udg_TempInteger,a called function also uses it (hand-off)
Legend_Ninja,Trig_Legend_Ninja_Talk_Cond_WrongJobOrLevel,udg_TempInteger,read before it is set (value comes from outside)
Legend_Ninja,Trig_Legend_Ninja_Talk_Cond_TaskLocked,udg_TempInteger,a called function also uses it (hand-off)
Legend_Ninja,Trig_Legend_Ninja_Talk_Cond_FirstVisit,udg_TempInteger,read before it is set (value comes from outside)
Legend_Ninja,Trig_Legend_Ninja_Talk_Actions,udg_TempForce,first set is inside an if/loop
Legend_Ninja,Trig_Legend_Ninja_Talk_Actions,udg_TempInteger,a called function also uses it (hand-off)
Legend_Oracle,Trig_Legend_Oracle_Talk_Cond_WrongJobOrLevel,udg_TempInteger,read before it is set (value comes from outside)
Legend_Oracle,Trig_Legend_Oracle_Talk_Cond_TaskLocked,udg_TempInteger,a called function also uses it (hand-off)
Legend_Oracle,Trig_Legend_Oracle_Talk_Cond_FirstVisit,udg_TempInteger,read before it is set (value comes from outside)
Legend_Oracle,Trig_Legend_Oracle_Talk_Actions,udg_TempForce,first set is inside an if/loop
Legend_Oracle,Trig_Legend_Oracle_Talk_Actions,udg_TempInteger,a called function also uses it (hand-off)
Legend_Priest,Trig_Legend_Priest_Talk_Cond_WrongJobOrLevel,udg_TempInteger,read before it is set (value comes from outside)
Legend_Priest,Trig_Legend_Priest_Talk_Cond_TaskLocked,udg_TempInteger,a called function also uses it (hand-off)
Legend_Priest,Trig_Legend_Priest_Talk_Cond_FirstVisit,udg_TempInteger,read before it is set (value comes from outside)
Legend_Priest,Trig_Legend_Priest_Talk_Actions,udg_TempForce,first set is inside an if/loop
Legend_Priest,Trig_Legend_Priest_Talk_Actions,udg_TempInteger,a called function also uses it (hand-off)
Legend_Prophet,Trig_Legend_Prophet_Talk_Cond_WrongJobOrLevel,udg_TempInteger,read before it is set (value comes from outside)
Legend_Prophet,Trig_Legend_Prophet_Talk_Cond_TaskLocked,udg_TempInteger,a called function also uses it (hand-off)
Legend_Prophet,Trig_Legend_Prophet_Talk_Cond_FirstVisit,udg_TempInteger,read before it is set (value comes from outside)
Legend_Prophet,Trig_Legend_Prophet_Talk_Actions,udg_TempForce,first set is inside an if/loop
Legend_Prophet,Trig_Legend_Prophet_Talk_Actions,udg_TempInteger,a called function also uses it (hand-off)
Legend_Samurai,Trig_Legend_Samurai_Talk_Cond_WrongJobOrLevel,udg_TempInteger,read before it is set (value comes from outside)
Legend_Samurai,Trig_Legend_Samurai_Talk_Cond_TaskLocked,udg_TempInteger,a called function also uses it (hand-off)
Legend_Samurai,Trig_Legend_Samurai_Talk_Cond_FirstVisit,udg_TempInteger,read before it is set (value comes from outside)
Legend_Samurai,Trig_Legend_Samurai_Talk_Actions,udg_TempForce,first set is inside an if/loop
Legend_Samurai,Trig_Legend_Samurai_Talk_Actions,udg_TempInteger,a called function also uses it (hand-off)
Legend_Sorcerer,Trig_Legend_Sorcerer_Talk_Cond_WrongJobOrLevel,udg_TempInteger,read before it is set (value comes from outside)
Legend_Sorcerer,Trig_Legend_Sorcerer_Talk_Cond_TaskLocked,udg_TempInteger,a called function also uses it (hand-off)
Legend_Sorcerer,Trig_Legend_Sorcerer_Talk_Cond_FirstVisit,udg_TempInteger,read before it is set (value comes from outside)
Legend_Sorcerer,Trig_Legend_Sorcerer_Talk_Actions,udg_TempForce,first set is inside an if/loop
Legend_Sorcerer,Trig_Legend_Sorcerer_Talk_Actions,udg_TempInteger,a called function also uses it (hand-off)
Legend_Squire,Trig_Legend_Squire_Talk_Cond_WrongJobOrLevel,udg_TempInteger,read before it is set (value comes from outside)
Legend_Squire,Trig_Legend_Squire_Talk_Cond_TaskLocked,udg_TempInteger,a called function also uses it (hand-off)
Legend_Squire,Trig_Legend_Squire_Talk_Cond_FirstVisit,udg_TempInteger,read before it is set (value comes from outside)
Legend_Squire,Trig_Legend_Squire_Talk_Actions,udg_TempForce,first set is inside an if/loop
Legend_Squire,Trig_Legend_Squire_Talk_Actions,udg_TempInteger,a called function also uses it (hand-off)
Legend_Summoner,Trig_Legend_Summoner_Talk_Cond_WrongJobOrLevel,udg_TempInteger,read before it is set (value comes from outside)
Legend_Summoner,Trig_Legend_Summoner_Talk_Cond_TaskLocked,udg_TempInteger,a called function also uses it (hand-off)
Legend_Summoner,Trig_Legend_Summoner_Talk_Cond_FirstVisit,udg_TempInteger,read before it is set (value comes from outside)
Legend_Summoner,Trig_Legend_Summoner_Talk_Actions,udg_TempForce,first set is inside an if/loop
Legend_Summoner,Trig_Legend_Summoner_Talk_Actions,udg_TempInteger,a called function also uses it (hand-off)
Legend_Thief,Trig_Legend_Thief_Talk_Cond_WrongJobOrLevel,udg_TempInteger,read before it is set (value comes from outside)
Legend_Thief,Trig_Legend_Thief_Talk_Cond_TaskLocked,udg_TempInteger,a called function also uses it (hand-off)
Legend_Thief,Trig_Legend_Thief_Talk_Cond_FirstVisit,udg_TempInteger,read before it is set (value comes from outside)
Legend_Thief,Trig_Legend_Thief_Talk_Actions,udg_TempForce,first set is inside an if/loop
Legend_Thief,Trig_Legend_Thief_Talk_Actions,udg_TempInteger,a called function also uses it (hand-off)
Legend_Wizard,Trig_Legend_Wizard_Talk_Cond_WrongJobOrLevel,udg_TempInteger,read before it is set (value comes from outside)
Legend_Wizard,Trig_Legend_Wizard_Talk_Cond_TaskLocked,udg_TempInteger,a called function also uses it (hand-off)
Legend_Wizard,Trig_Legend_Wizard_Talk_Cond_FirstVisit,udg_TempInteger,read before it is set (value comes from outside)
Legend_Wizard,Trig_Legend_Wizard_Talk_Actions,udg_TempForce,first set is inside an if/loop
Legend_Wizard,Trig_Legend_Wizard_Talk_Actions,udg_TempInteger,a called function also uses it (hand-off)
Levels,Trig_Levels_Command_Cond_MasteredListFilled,udg_TempString,read before it is set (value comes from outside)
Levels,Trig_Levels_Command_Cond_UltimateListFilled,udg_TempString,read before it is set (value comes from outside)
Levels,Trig_Levels_Command_Cond_LegendaryListFilled,udg_TempString,read before it is set (value comes from outside)
Levels,Trig_Levels_Command_Actions,udg_TempString,a called function also uses it (hand-off)
Mediator,Trig_Mediator_Clone_Actions,udg_TempForce,first set is inside an if/loop
Mediator,Trig_Mediator_Clone_Actions,udg_TempUnit2,a called function also uses it (hand-off)
Mediator,Trig_Mediator_SpellShot_MasteryReached,udg_TempInteger2,read before it is set (value comes from outside)
Mediator,Trig_Mediator_SpellShot_Actions,udg_TempInteger2,a called function also uses it (hand-off)
Mediator,Trig_Mediator_SpellShot_Actions,udg_TempPoint,first set is inside an if/loop
Mediator,Trig_Mediator_Invitation_Actions,udg_TempUnit2,a called function also uses it (hand-off)
Mediator,Trig_Mediator_Balance_DamageEnum,udg_TempInteger,read before it is set (value comes from outside)
Mediator,Trig_Mediator_Balance_Actions,udg_TempInteger,a called function also uses it (hand-off)
Mediator,Trig_Mediator_Balance_Actions,udg_TempPoint2,first set is inside an if/loop
Necro,Trig_Necro_Release_HealAlly,udg_TempInteger,read before it is set (value comes from outside)
Necro,Trig_Necro_Release_Actions,udg_TempInteger,a called function also uses it (hand-off)
Necro,Trig_Necro_DeathScreech_IsInNarrowRect,udg_TempPoint,read before it is set (value comes from outside)
Necro,Trig_Necro_DeathScreech_Actions,udg_TempPoint,a called function also uses it (hand-off)
Necro,Trig_Necro_DeathScreech_Actions,udg_TempPoint2,first set is inside an if/loop
Promotion,Trig_Promotion_Award_Random_Cond_NeedsPromotion,udg_TempInteger,read before it is set (value comes from outside)
Promotion,Trig_Promotion_Award_Random_Cond_NeedsPromotion,udg_TempPlayer,read before it is set (value comes from outside)
Promotion,Trig_Promotion_Award_Random_Actions,udg_TempInteger,a called function also uses it (hand-off)
Promotion,Trig_Promotion_Award_Random_Actions,udg_TempPlayer,a called function also uses it (hand-off)
Prophet,Trig_Prophet_Pray_Heal_QueueHealEnum,udg_TempInteger,read before it is set (value comes from outside)
Prophet,Trig_Prophet_Pray_Heal_QueueHealEnum,udg_TempReal,first set is inside an if/loop
Prophet,Trig_Prophet_Pray_Heal_Actions,udg_TempGroup,has a computed ExecuteFunc/TriggerExecute
Prophet,Trig_Prophet_Pray_Heal_Actions,udg_TempInteger,has a computed ExecuteFunc/TriggerExecute
Prophet,Trig_Prophet_Pray_Heal_Actions,udg_TempPoint,has a computed ExecuteFunc/TriggerExecute
Prophet,Trig_Prophet_Pray_Heal_Actions,udg_TempReal,has a computed ExecuteFunc/TriggerExecute
Prophet,Trig_Prophet_BlessingOfLight_HealEnum,udg_TempInteger,read before it is set (value comes from outside)
Prophet,Trig_Prophet_BlessingOfLight_Actions,udg_TempInteger,a called function also uses it (hand-off)
Prophet,Trig_Prophet_Infinity_MasteryActive,udg_TempBoolean,read before it is set (value comes from outside)
Prophet,Trig_Prophet_Infinity_ApplyToEnum,udg_TempInteger,read before it is set (value comes from outside)
Prophet,Trig_Prophet_Infinity_Actions,udg_TempBoolean,a called function also uses it (hand-off)
Prophet,Trig_Prophet_Infinity_Actions,udg_TempInteger,a called function also uses it (hand-off)
Research,Trig_Research_Requirements_LevelsMissing,udg_TempInteger,read before it is set (value comes from outside)
Research,Trig_Research_Requirements_Actions,udg_TempForce,first set is inside an if/loop
Research,Trig_Research_Requirements_Actions,udg_TempInteger,a called function also uses it (hand-off)
Research,Trig_Research_Requirements_Actions,udg_TempString,first set is inside an if/loop
Shrine,Trig_Shrine_AbilitySwap_MainIsAlchemy,udg_TempInteger,read before it is set (value comes from outside)
Shrine,Trig_Shrine_AbilitySwap_MainIsEnchant,udg_TempInteger,read before it is set (value comes from outside)
Shrine,Trig_Shrine_AbilitySwap_SubIsAlchemy,udg_TempInteger,read before it is set (value comes from outside)
Shrine,Trig_Shrine_AbilitySwap_HasBorrowedPair,udg_TempInteger,read before it is set (value comes from outside)
Shrine,Trig_Shrine_AbilitySwap_IsSummonSkill,udg_TempInteger,read before it is set (value comes from outside)
Shrine,Trig_Shrine_AbilitySwap_NeedsSummonCleanup,udg_TempInteger,a called function also uses it (hand-off)
Shrine,Trig_Shrine_AbilitySwap_IsPetSkill,udg_TempInteger,read before it is set (value comes from outside)
Shrine,Trig_Shrine_AbilitySwap_NeedsPetCleanup,udg_TempInteger,a called function also uses it (hand-off)
Shrine,Trig_Shrine_AbilitySwap_SubWasAlchemy,udg_TempInteger,read before it is set (value comes from outside)
Shrine,Trig_Shrine_AbilitySwap_SubWasEnchant,udg_TempInteger,read before it is set (value comes from outside)
Shrine,Trig_Shrine_AbilitySwap_MainWasAlchemy,udg_TempInteger,read before it is set (value comes from outside)
Shrine,Trig_Shrine_AbilitySwap_MainWasEnchant,udg_TempInteger,read before it is set (value comes from outside)
Shrine,Trig_Shrine_AbilitySwap_MainDiffersFromSub,udg_TempInteger,read before it is set (value comes from outside)
Shrine,Trig_Shrine_AbilitySwap_Slot1Alchemy,udg_TempInteger,read before it is set (value comes from outside)
Shrine,Trig_Shrine_AbilitySwap_Slot1Enchant,udg_TempInteger,read before it is set (value comes from outside)
Shrine,Trig_Shrine_AbilitySwap_HasPetUnit,udg_TempInteger,read before it is set (value comes from outside)
Shrine,Trig_Shrine_AbilitySwap_HasSummon,udg_TempInteger,read before it is set (value comes from outside)
Shrine,Trig_Shrine_AbilitySwap_SwapSlot1Alchemy,udg_TempInteger,read before it is set (value comes from outside)
Shrine,Trig_Shrine_AbilitySwap_NewSlot1Enchant,udg_TempInteger,read before it is set (value comes from outside)
Shrine,Trig_Shrine_AbilitySwap_Actions,udg_TempForce,first set is inside an if/loop
Shrine,Trig_Shrine_AbilitySwap_Actions,udg_TempInteger,a called function also uses it (hand-off)
Shrine,Trig_Shrine_Reveal_RevealShrine,udg_TempPoint,read before it is set (value comes from outside)
Shrine,Trig_Shrine_Reveal_Actions,udg_TempPoint,a called function also uses it (hand-off)
Sorcerer,Trig_Sorcerer_Flare_Actions,udg_TempPoint,first set is inside an if/loop
Sorcerer,Trig_Sorcerer_Flare_Actions,udg_TempPoint2,first set is inside an if/loop
Sorcerer,Trig_Sorcerer_Holy_ApplyToEnum,udg_TempInteger,read before it is set (value comes from outside)
Sorcerer,Trig_Sorcerer_Holy_Actions,udg_TempInteger,a called function also uses it (hand-off)
Sorcerer,Trig_Sorcerer_MassCripple_CrippleEnum,udg_TempInteger,read before it is set (value comes from outside)
Sorcerer,Trig_Sorcerer_MassCripple_Actions,udg_TempInteger,a called function also uses it (hand-off)
Sorcerer,Trig_Sorcerer_BahamutZero_Actions,udg_TempUnit2,a called function also uses it (hand-off)
Trickster,Trig_Trickster_Decoy_Spawn_Actions,udg_TempPoint,read before it is set (value comes from outside)
AbilityTags,Trig_AbilityTags_Show_Actions,udg_TempForce,first set is inside an if/loop
Ambush,Trig_Ambush_Skeletons_1_Actions,udg_TempPoint,first set is inside an if/loop
Ambush,Trig_Ambush_Skeletons_2_Actions,udg_TempPoint,first set is inside an if/loop
Ambush,Trig_Ambush_Skeletons_3_Actions,udg_TempPoint,first set is inside an if/loop
Ambush,Trig_Ambush_Skeletons_4_Actions,udg_TempPoint,first set is inside an if/loop
Animal,Trig_Animal_Companion_Actions,udg_TempUnit2,a called function also uses it (hand-off)
Aqualung,Trig_Aqualung_Cast_Actions,udg_TempPoint,first set is inside an if/loop
Assault,Trig_Assault_Cast_BuffTarget,udg_TempInteger,read before it is set (value comes from outside)
Assault,Trig_Assault_Cast_Actions,udg_TempInteger,a called function also uses it (hand-off)
AtkSpd,Trig_AtkSpd_Command_Actions,udg_TempReal,first set is inside an if/loop
BadBreath,Trig_BadBreath_Cast_ApplyDebuffs,udg_TempPoint,read before it is set (value comes from outside)
BadBreath,Trig_BadBreath_Cast_Actions,udg_TempPoint,a called function also uses it (hand-off)
BagOfTricks,Trig_BagOfTricks_Progress_Actions,udg_TempPoint3,first set is inside an if/loop
Bahamut,Trig_Bahamut_MegaFlare_Actions,udg_TempPoint,first set is inside an if/loop
Bahamut,Trig_Bahamut_MegaFlare_Actions,udg_TempPoint2,first set is inside an if/loop
BattleWard,Trig_BattleWard_Enter_Actions,udg_TempUnit2,a called function also uses it (hand-off)
Blizzard,Trig_Blizzard_Cast_Actions,udg_TempPoint,first set is inside an if/loop
Boss_Belias,Trig_Boss_Belias_Rescue_Mateus_Actions,udg_TempPlayer,first set is inside an if/loop
Boss_Belias,Trig_Boss_Belias_Rescue_Mateus_Actions,udg_TempPoint2,first set is inside an if/loop
Boss_Belias,Trig_Boss_Belias_Rescue_Gafgarion_Actions,udg_TempPlayer,first set is inside an if/loop
Boss_Belias,Trig_Boss_Belias_Rescue_Gafgarion_Actions,udg_TempPoint,a called function also uses it (hand-off)
Boss_Belias,Trig_Boss_Belias_Rescue_Gafgarion_Actions,udg_TempPoint2,first set is inside an if/loop
Boss_Belias,Trig_Boss_Belias_Death_Final_Actions,udg_TempPoint,a called function also uses it (hand-off)
Boss_Chaos,Trig_Boss_Chaos_Death_Actions,udg_TempInteger,a called function also uses it (hand-off)
Boss_Chaos,Trig_Boss_Chaos_Death_Actions,udg_TempPoint,a called function also uses it (hand-off)
Boss_DarkFact,Trig_Boss_DarkFact_PingPong_NoTargets,udg_TempGroup,read before it is set (value comes from outside)
Boss_DarkFact,Trig_Boss_DarkFact_PingPong_Actions,udg_TempGroup,a called function also uses it (hand-off)
Boss_DarkFact,Trig_Boss_DarkFact_PingPong_Actions,udg_TempInteger,first set is inside an if/loop
Boss_DarkFact,Trig_Boss_DarkFact_PingPong_Actions,udg_TempPoint2,first set is inside an if/loop
Boss_DarkFact,Trig_Boss_DarkFact_PingPong_Actions,udg_TempUnit2,first set is inside an if/loop
Boss_DarkFact,Trig_Boss_DarkFact_Orb_Bounce_NoTargets,udg_TempGroup,read before it is set (value comes from outside)
Boss_DarkFact,Trig_Boss_DarkFact_Orb_Bounce_Actions,udg_TempGroup,a called function also uses it (hand-off)
Boss_DarkFact,Trig_Boss_DarkFact_Orb_Attack_NoTargets,udg_TempGroup,read before it is set (value comes from outside)
Boss_DarkFact,Trig_Boss_DarkFact_Orb_Attack_Actions,udg_TempGroup,a called function also uses it (hand-off)
Boss_DarkFact,Trig_Boss_DarkFact_Orb_Attack_Actions,udg_TempPoint,first set is inside an if/loop
Boss_Demesne,Trig_Boss_Demesne_Death_Revive_Actions,udg_TempPoint,first set is inside an if/loop
Boss_DemiFiend,Trig_Boss_DemiFiend_Demon1_Spawn_CollectHero,udg_TempGroup,read before it is set (value comes from outside)
Boss_DemiFiend,Trig_Boss_DemiFiend_Demon1_Spawn_Actions,udg_TempGroup,a called function also uses it (hand-off)
Boss_DemiFiend,Trig_Boss_DemiFiend_Demon1_Spawn_Actions,udg_TempPoint,first set is inside an if/loop
Boss_DemiFiend,Trig_Boss_DemiFiend_Demon1_Spawn_Actions,udg_TempPoint2,first set is inside an if/loop
Boss_DemiFiend,Trig_Boss_DemiFiend_Demon2_Spawn_CollectHero,udg_TempGroup,read before it is set (value comes from outside)
Boss_DemiFiend,Trig_Boss_DemiFiend_Demon2_Spawn_Actions,udg_TempGroup,a called function also uses it (hand-off)
Boss_DemiFiend,Trig_Boss_DemiFiend_Demon2_Spawn_Actions,udg_TempPoint,first set is inside an if/loop
Boss_DemiFiend,Trig_Boss_DemiFiend_Demon2_Spawn_Actions,udg_TempPoint2,first set is inside an if/loop
Boss_DemiFiend,Trig_Boss_DemiFiend_Mediarahan_Actions,udg_TempPoint,first set is inside an if/loop
Boss_DemiFiend,Trig_Boss_DemiFiend_Death_CanMasterJob,udg_TempInteger,read before it is set (value comes from outside)
Boss_DemiFiend,Trig_Boss_DemiFiend_Death_GrantQuest20,udg_TempInteger,a called function also uses it (hand-off)
Boss_DemiFiend,Trig_Boss_DemiFiend_Death_GrantQuest20,udg_TempPlayer,a called function also uses it (hand-off)
Boss_DemiFiend,Trig_Boss_DemiFiend_Death_Actions,udg_TempInteger,a called function also uses it (hand-off)
Boss_DemiFiend,Trig_Boss_DemiFiend_Death_Actions,udg_TempPoint2,first set is inside an if/loop
Boss_Echele,Trig_Boss_Echele_Start_Actions,udg_TempPoint,a called function also uses it (hand-off)
Boss_Echele,Trig_Boss_Echele_Start_Actions,udg_TempReal,a called function also uses it (hand-off)
Boss_Echele,Trig_Boss_Echele_SpawnForm_Actions,udg_TempPoint,read before it is set (value comes from outside)
Boss_Echele,Trig_Boss_Echele_SpawnForm_Actions,udg_TempPoint2,a called function also uses it (hand-off)
Boss_Echele,Trig_Boss_Echele_SpawnForm_Actions,udg_TempReal,a called function also uses it (hand-off)
Boss_Echele,Trig_Boss_Echele_FormChange_Actions,udg_TempPoint,a called function also uses it (hand-off)
Boss_Echele,Trig_Boss_Echele_FormChange_Actions,udg_TempReal,a called function also uses it (hand-off)
Boss_Echele,Trig_Boss_Echele_Leash_Enum_MoveMinion,udg_TempPoint,read before it is set (value comes from outside)
Boss_Echele,Trig_Boss_Echele_Leash_Actions,udg_TempPoint,a called function also uses it (hand-off)
Boss_Exodus,Trig_Boss_Exodus_Death_Actions,udg_TempPoint,a called function also uses it (hand-off)
Boss_Famfrit,Trig_Boss_Famfrit_Death_Actions,udg_TempPoint,a called function also uses it (hand-off)
Boss_Gafgarion,Trig_Boss_Gafgarion_Death_OrderGhostsMove,udg_TempPoint,read before it is set (value comes from outside)
Boss_Gafgarion,Trig_Boss_Gafgarion_Death_Actions,udg_TempPoint,a called function also uses it (hand-off)
Boss_Gafgarion,Trig_Boss_Gafgarion_Death_Actions,udg_TempPoint2,first set is inside an if/loop
Boss_Gilgamesh,Trig_Boss_Gilgamesh_Death_CanMasterJob,udg_TempInteger,read before it is set (value comes from outside)
Boss_Gilgamesh,Trig_Boss_Gilgamesh_Death_Actions,udg_TempInteger,a called function also uses it (hand-off)
Boss_Gilgamesh,Trig_Boss_Gilgamesh_Death_Actions,udg_TempString,a called function also uses it (hand-off)
Boss_GodDragon,Trig_Boss_GodDragon_Death_Enum_CreditPlayer,udg_TempInteger,a called function also uses it (hand-off)
Boss_GodDragon,Trig_Boss_GodDragon_Death_Enum_CreditPlayer,udg_TempPlayer,a called function also uses it (hand-off)
Boss_Hashmalum,Trig_Boss_Hashmalum_Revive_Belias_Actions,udg_TempPoint2,first set is inside an if/loop
Boss_Hashmalum,Trig_Boss_Hashmalum_Death_Final_Enum_CreditPlayer,udg_TempInteger,a called function also uses it (hand-off)
Boss_Hashmalum,Trig_Boss_Hashmalum_Death_Final_Enum_CreditPlayer,udg_TempPlayer,a called function also uses it (hand-off)
Boss_Hashmalum,Trig_Boss_Hashmalum_Death_Final_Actions,udg_TempPlayer,a called function also uses it (hand-off)
Boss_Hashmalum,Trig_Boss_Hashmalum_Death_Final_Actions,udg_TempPoint,a called function also uses it (hand-off)
Boss_Hashmalum,Trig_Boss_Hashmalum_Death_Final_Actions,udg_TempPoint2,a called function also uses it (hand-off)
Boss_Hashmalum,Trig_Boss_Hashmalum_Death_Final_Actions,udg_TempReal,first set is inside an if/loop
Boss_Judges,Trig_Boss_Judges_Death_CanMasterJob,udg_TempInteger,read before it is set (value comes from outside)
Boss_Judges,Trig_Boss_Judges_Death_Actions,udg_TempInteger,a called function also uses it (hand-off)
Boss_Judges,Trig_Boss_Judges_Death_Actions,udg_TempPoint2,first set is inside an if/loop
Boss_Judges,Trig_Boss_Judges_Death_Actions,udg_TempString,a called function also uses it (hand-off)
Boss_Mateus,Trig_Boss_Mateus_Death_Actions,udg_TempPlayer,first set is inside an if/loop
Boss_Mateus,Trig_Boss_Mateus_Death_Actions,udg_TempPoint,a called function also uses it (hand-off)
Boss_Mateus,Trig_Boss_Mateus_Death_Final_Actions,udg_TempPoint,a called function also uses it (hand-off)
Boss_Odin,Trig_Boss_Odin_Escort_AI_Cond_QueenFarFromOdin,udg_TempPoint,read before it is set (value comes from outside)
Boss_Odin,Trig_Boss_Odin_Escort_AI_Cond_QueenFarFromOdin,udg_TempPoint2,read before it is set (value comes from outside)
Boss_Odin,Trig_Boss_Odin_Escort_AI_Cond_KnightFarFromOdin,udg_TempPoint,read before it is set (value comes from outside)
Boss_Odin,Trig_Boss_Odin_Escort_AI_Cond_KnightFarFromOdin,udg_TempPoint2,read before it is set (value comes from outside)
Boss_Odin,Trig_Boss_Odin_Escort_AI_Actions,udg_TempPoint,a called function also uses it (hand-off)
Boss_Odin,Trig_Boss_Odin_Escort_AI_Actions,udg_TempPoint2,a called function also uses it (hand-off)
Boss_Odin,Trig_Boss_Odin_Death_Actions,udg_TempPoint2,first set is inside an if/loop
Boss_Ozma,Trig_Boss_Ozma_Spawn_Actions,udg_TempPoint,first set is inside an if/loop
Boss_Ozma,Trig_Boss_Ozma_Spawn_Actions,udg_TempPoint2,first set is inside an if/loop
Boss_Ozma,Trig_Boss_Ozma_Barrier_IsBarrierPhysical,udg_TempInteger,read before it is set (value comes from outside)
Boss_Ozma,Trig_Boss_Ozma_Barrier_IsBarrierNeutral,udg_TempInteger,read before it is set (value comes from outside)
Boss_Ozma,Trig_Boss_Ozma_Barrier_IsBarrierLevelHigh,udg_TempInteger,read before it is set (value comes from outside)
Boss_Ozma,Trig_Boss_Ozma_Barrier_IsBarrierLevelLow,udg_TempInteger,read before it is set (value comes from outside)
Boss_Ozma,Trig_Boss_Ozma_Barrier_Actions,udg_TempInteger,a called function also uses it (hand-off)
Boss_Ozma,Trig_Boss_Ozma_Barrier_Actions,udg_TempPoint,first set is inside an if/loop
Boss_Penance,Trig_Boss_Penance_Summon_Actions,udg_TempPoint,first set is inside an if/loop
Boss_Penance,Trig_Boss_Penance_Judgment_Loop_BothArmsAlive,udg_TempGroup,read before it is set (value comes from outside)
Boss_Penance,Trig_Boss_Penance_Judgment_Loop_CheckArmsAndChannel,udg_TempGroup,a called function also uses it (hand-off)
Boss_Penance,Trig_Boss_Penance_JudgmentDay_Cast_ArmsMissing,udg_TempGroup,read before it is set (value comes from outside)
Boss_Penance,Trig_Boss_Penance_JudgmentDay_Cast_Actions,udg_TempGroup,a called function also uses it (hand-off)
Boss_Penance,Trig_Boss_Penance_JudgmentDay_Cast_Actions,udg_TempPoint2,first set is inside an if/loop
Boss_Penance,Trig_Boss_Penance_JudgmentDay_Damage_CasterInArena,udg_TempPoint,read before it is set (value comes from outside)
Boss_Penance,Trig_Boss_Penance_JudgmentDay_Damage_Actions,udg_TempGroup,first set is inside an if/loop
Boss_Penance,Trig_Boss_Penance_JudgmentDay_Damage_Actions,udg_TempPoint,a called function also uses it (hand-off)
Boss_Penance,Trig_Boss_Penance_JudgmentDay_Damage_Actions,udg_TempPoint2,first set is inside an if/loop
Boss_Penance,Trig_Boss_Penance_Death_CanMasterJob,udg_TempInteger,read before it is set (value comes from outside)
Boss_Penance,Trig_Boss_Penance_Death_GrantQuest33,udg_TempInteger,a called function also uses it (hand-off)
Boss_Penance,Trig_Boss_Penance_Death_GrantQuest33,udg_TempPlayer,a called function also uses it (hand-off)
Boss_Penance,Trig_Boss_Penance_Death_GrantQuest49,udg_TempInteger,a called function also uses it (hand-off)
Boss_Penance,Trig_Boss_Penance_Death_GrantQuest49,udg_TempPlayer,a called function also uses it (hand-off)
Boss_Penance,Trig_Boss_Penance_Death_Actions,udg_TempInteger,a called function also uses it (hand-off)
Boss_Shemhazai,Trig_Boss_Shemhazai_Death_Actions,udg_TempPoint,a called function also uses it (hand-off)
Boss_Ultima,Trig_Boss_Ultima_Death_Actions,udg_TempPoint,a called function also uses it (hand-off)
Boss_Zalera,Trig_Boss_Zalera_Death_Actions,udg_TempPoint,a called function also uses it (hand-off)
Celestium,Trig_Celestium_Trade_Cond_IsOwnCelestiumStack,udg_TempBoolean,read before it is set (value comes from outside)
Celestium,Trig_Celestium_Trade_Cond_TradeFailed,udg_TempBoolean,read before it is set (value comes from outside)
Celestium,Trig_Celestium_Trade_Actions,udg_TempBoolean,a called function also uses it (hand-off)
Celestium,Trig_Celestium_Trade_Actions,udg_TempForce,first set is inside an if/loop
Celestium,Trig_Celestium_Trade_Actions,udg_TempPoint,first set is inside an if/loop
Chakra,Trig_Chakra_Cast_NegatesHeals,udg_TempUnit2,read before it is set (value comes from outside)
Chakra,Trig_Chakra_Cast_Actions,udg_TempInteger,first set is inside an if/loop
Claim,Trig_Claim_Command_ClaimItemsFromPlayer,udg_TempForce,first set is inside an if/loop
Claim,Trig_Claim_Command_ClaimItemsFromPlayer,udg_TempPoint,first set is inside an if/loop
Cooldown,Trig_Cooldown_Scaling_IsXPotion,udg_TempItemId,read before it is set (value comes from outside)
Cooldown,Trig_Cooldown_Scaling_IsMegaPotion,udg_TempItemId,read before it is set (value comes from outside)
Cooldown,Trig_Cooldown_Scaling_IsHiPotion,udg_TempItemId,read before it is set (value comes from outside)
Cooldown,Trig_Cooldown_Scaling_IsPotion,udg_TempItemId,read before it is set (value comes from outside)
Cooldown,Trig_Cooldown_Scaling_IsTurboEther,udg_TempItemId,read before it is set (value comes from outside)
Cooldown,Trig_Cooldown_Scaling_IsMegaEther,udg_TempItemId,read before it is set (value comes from outside)
Cooldown,Trig_Cooldown_Scaling_IsHiEther,udg_TempItemId,read before it is set (value comes from outside)
Cooldown,Trig_Cooldown_Scaling_IsEther,udg_TempItemId,read before it is set (value comes from outside)
Cooldown,Trig_Cooldown_Scaling_IsElixir,udg_TempItemId,read before it is set (value comes from outside)
Cooldown,Trig_Cooldown_Scaling_IsGreaterNectar,udg_TempItemId,read before it is set (value comes from outside)
Cooldown,Trig_Cooldown_Scaling_IsNectar,udg_TempItemId,read before it is set (value comes from outside)
Cooldown,Trig_Cooldown_Scaling_IsHeroDrink,udg_TempItemId,read before it is set (value comes from outside)
Counter,Trig_Counter_Attack_Strike_AngleNegative,udg_TempReal,read before it is set (value comes from outside)
Counter,Trig_Counter_Attack_Strike_AngleOverHalf,udg_TempReal,read before it is set (value comes from outside)
Counter,Trig_Counter_Attack_Strike_FacingTarget,udg_TempReal,read before it is set (value comes from outside)
Counter,Trig_Counter_Attack_Strike_Actions,udg_TempReal,a called function also uses it (hand-off)
Cyclops,Trig_Cyclops_FinalSmash_DamageEnum,udg_TempInteger,read before it is set (value comes from outside)
Cyclops,Trig_Cyclops_FinalSmash_Actions,udg_TempInteger,a called function also uses it (hand-off)
Cyclops,Trig_Cyclops_FinalSmash_Actions,udg_TempPoint2,first set is inside an if/loop
Damage,Trig_Damage_Init_Actions,udg_TempGroup,first set is inside an if/loop
DarkEden,Trig_DarkEden_Appear_PanCameraToArea,udg_TempPoint,read before it is set (value comes from outside)
DarkEden,Trig_DarkEden_Appear_Actions,udg_TempPoint,a called function also uses it (hand-off)
DarkEden,Trig_DarkEden_Death_Actions,udg_TempPlayer,a called function also uses it (hand-off)
DarkEden,Trig_DarkEden_Death_Actions,udg_TempPoint2,first set is inside an if/loop
DarkEidolon,Trig_DarkEidolon_Death_AwardPlayer_51,udg_TempInteger,a called function also uses it (hand-off)
DarkEidolon,Trig_DarkEidolon_Death_AwardPlayer_51,udg_TempPlayer,a called function also uses it (hand-off)
DarkEidolon,Trig_DarkEidolon_Death_AwardPlayer_32,udg_TempInteger,a called function also uses it (hand-off)
DarkEidolon,Trig_DarkEidolon_Death_AwardPlayer_32,udg_TempPlayer,a called function also uses it (hand-off)
DarkShiva,Trig_DarkShiva_Death_Actions,udg_TempPoint,first set is inside an if/loop
Darkness,Trig_Darkness_Cast_DamageEnemy,udg_TempInteger,read before it is set (value comes from outside)
Darkness,Trig_Darkness_Cast_Actions,udg_TempForce,first set is inside an if/loop
Darkness,Trig_Darkness_Cast_Actions,udg_TempGroup,first set is inside an if/loop
Darkness,Trig_Darkness_Cast_Actions,udg_TempInteger,a called function also uses it (hand-off)
Darkness,Trig_Darkness_Cast_Actions,udg_TempPoint,first set is inside an if/loop
Darkness,Trig_Darkness_Cast_Actions,udg_TempReal,first set is inside an if/loop
Dead,Trig_Dead_Hero_Item_Drop_DropItemsOnDeath,udg_TempForce,first set is inside an if/loop
Dead,Trig_Dead_Hero_Item_Drop_DropItemsOnDeath,udg_TempPoint,first set is inside an if/loop
Death,Trig_Death_Explosion_Blast_Actions,udg_TempGroup,has a computed ExecuteFunc/TriggerExecute
Death,Trig_Death_Explosion_Blast_Actions,udg_TempPoint,has a computed ExecuteFunc/TriggerExecute
Dps,Trig_Dps_Tick_IsNinjaAward,udg_TempReal,read before it is set (value comes from outside)
Dps,Trig_Dps_Tick_AverageDpsEnum,udg_TempReal,a called function also uses it (hand-off)
EarthSmash,Trig_EarthSmash_Cast_DamageEnemy,udg_TempInteger,read before it is set (value comes from outside)
EarthSmash,Trig_EarthSmash_Cast_Actions,udg_TempInteger,a called function also uses it (hand-off)
EarthSmash,Trig_EarthSmash_Cast_Actions,udg_TempPoint2,first set is inside an if/loop
Eidolon,Trig_Eidolon_Found_Reveal_Actions,udg_TempPoint,read before it is set (value comes from outside)
Eidolon,Trig_Eidolon_Found_Reveal_Actions,udg_TempPoint2,read before it is set (value comes from outside)
Eidolon,Trig_Eidolon_Found_Reveal_Actions,udg_TempPoint5,first set is inside an if/loop
Evade,Trig_Evade_Counter_Decay_Conditions,udg_TempInteger,read before it is set (value comes from outside)
Evade,Trig_Evade_Counter_Decay_CostAboveMin0,udg_TempInteger,read before it is set (value comes from outside)
Evade,Trig_Evade_Counter_Decay_CostAboveMin1,udg_TempInteger,read before it is set (value comes from outside)
Evade,Trig_Evade_Counter_Decay_Actions,udg_TempInteger,a called function also uses it (hand-off)
Evade,Trig_Evade_Counter_Reset_P1_Actions,udg_TempInteger,a called function also uses it (hand-off)
Evade,Trig_Evade_Counter_Reset_P2_Actions,udg_TempInteger,a called function also uses it (hand-off)
Evade,Trig_Evade_Counter_Reset_P3_Actions,udg_TempInteger,a called function also uses it (hand-off)
Evade,Trig_Evade_Counter_Reset_P4_Actions,udg_TempInteger,a called function also uses it (hand-off)
Evade,Trig_Evade_Counter_Reset_P5_Actions,udg_TempInteger,a called function also uses it (hand-off)
Evade,Trig_Evade_Counter_Reset_P6_Actions,udg_TempInteger,a called function also uses it (hand-off)
Evade,Trig_Evade_Counter_Reset_P7_Actions,udg_TempInteger,a called function also uses it (hand-off)
Evade,Trig_Evade_Counter_Reset_P8_Actions,udg_TempInteger,a called function also uses it (hand-off)
FinalImpact,Trig_FinalImpact_Cast_Actions,udg_TempPoint,first set is inside an if/loop
Fire,Trig_Fire_Cast_Actions,udg_TempPoint,first set is inside an if/loop
FireAura,Trig_FireAura_Pulse_BurnEnemy,udg_TempInteger,read before it is set (value comes from outside)
FireAura,Trig_FireAura_Pulse_Actions,udg_TempGroup,has a computed ExecuteFunc/TriggerExecute
FireAura,Trig_FireAura_Pulse_Actions,udg_TempInteger,has a computed ExecuteFunc/TriggerExecute
FireAura,Trig_FireAura_Pulse_Actions,udg_TempPoint,has a computed ExecuteFunc/TriggerExecute
FireAura,Trig_FireAura_Pulse_Actions,udg_TempReal,has a computed ExecuteFunc/TriggerExecute
Firefly,Trig_Firefly_Drops_Actions,udg_TempPoint,first set is inside an if/loop
Firewood,Trig_Firewood_Light_Fireplace_NoFireplaceNearby,udg_TempGroup,read before it is set (value comes from outside)
Firewood,Trig_Firewood_Light_Fireplace_Actions,udg_TempForce,first set is inside an if/loop
Firewood,Trig_Firewood_Light_Fireplace_Actions,udg_TempGroup,a called function also uses it (hand-off)
Gaya_Inventory,Trig_Gaya_ShopPurchase_Actions,udg_TempInteger,a called function also uses it (hand-off)
Gaya_Inventory,Trig_Gaya_ShopPurchase_Actions,udg_TempPlayer,a called function also uses it (hand-off)
Gaya_Scan,Trig_Gaya_Scan_Cond_SpeciesKnown,udg_TempInteger,read before it is set (value comes from outside)
Gaya_Scan,Trig_Gaya_Scan_Cond_WeakListFilled,udg_TempString,read before it is set (value comes from outside)
Gaya_Scan,Trig_Gaya_Scan_Cond_ResistListFilled,udg_TempString,read before it is set (value comes from outside)
Gaya_Scan,Trig_Gaya_Scan_Cond_ImmuneListFilled,udg_TempString,read before it is set (value comes from outside)
Gaya_Scan,Trig_Gaya_Scan_Cond_AbsorbListFilled,udg_TempString,read before it is set (value comes from outside)
Gaya_Scan,Trig_Gaya_Scan_Cond_StatusListFilled,udg_TempString,read before it is set (value comes from outside)
Gaya_Scan,Trig_Gaya_Scan_Cond_SurgeTextFilled,udg_TempString,read before it is set (value comes from outside)
Gaya_Scan,Trig_Gaya_Scan_Actions,udg_TempInteger,a called function also uses it (hand-off)
Gaya_Scan,Trig_Gaya_Scan_Actions,udg_TempPoint,first set is inside an if/loop
Gaya_Scan,Trig_Gaya_Scan_Actions,udg_TempString,a called function also uses it (hand-off)
Hades,Trig_Hades_BlackCauldron_Cond_AnySleeping,udg_TempGroup,read before it is set (value comes from outside)
Hades,Trig_Hades_BlackCauldron_Actions,udg_TempGroup,a called function also uses it (hand-off)
Hades,Trig_Hades_BlackCauldron_Actions,udg_TempHandleId,first set is inside an if/loop
Hades,Trig_Hades_BlackCauldron_Actions,udg_TempPoint2,first set is inside an if/loop
Hades,Trig_Hades_BlackCauldron_Actions,udg_TempReal,first set is inside an if/loop
Harpy,Trig_Harpy_Matriarch_CallAid_SummonHarpyAid,udg_TempPoint,read before it is set (value comes from outside)
Harpy,Trig_Harpy_Matriarch_CallAid_Actions,udg_TempGroup,first set is inside an if/loop
Harpy,Trig_Harpy_Matriarch_CallAid_Actions,udg_TempPoint,a called function also uses it (hand-off)
Haste,Trig_Haste_Slow_Cast_Actions,udg_TempPoint,first set is inside an if/loop
Hypernova,Trig_Hypernova_Cast_Actions,udg_TempPoint2,first set is inside an if/loop
Ice,Trig_Ice_Cast_Actions,udg_TempPoint,first set is inside an if/loop
Ifrit,Trig_Ifrit_Hellfire_Actions,udg_TempPoint,first set is inside an if/loop
Ifrit,Trig_Ifrit_Hellfire_Actions,udg_TempPoint2,first set is inside an if/loop
Maelstrom,Trig_Maelstrom_Cast_Actions,udg_TempPoint,first set is inside an if/loop
ManaRefund,Trig_ManaRefund_Cast_Actions,udg_TempInteger,first set is inside an if/loop
MaxHp,Trig_MaxHp_DrainTick_Actions,udg_TempGroup,first set is inside an if/loop
Memento,Trig_Memento_Ring_Compass_Cond_AngleSouthEast,udg_TempReal,read before it is set (value comes from outside)
Memento,Trig_Memento_Ring_Compass_Cond_AngleSouth,udg_TempReal,read before it is set (value comes from outside)
Memento,Trig_Memento_Ring_Compass_Cond_AngleSouthWest,udg_TempReal,read before it is set (value comes from outside)
Memento,Trig_Memento_Ring_Compass_Cond_AngleWest,udg_TempReal,read before it is set (value comes from outside)
Memento,Trig_Memento_Ring_Compass_Cond_AngleNorthWest,udg_TempReal,read before it is set (value comes from outside)
Memento,Trig_Memento_Ring_Compass_Cond_AngleNorth,udg_TempReal,read before it is set (value comes from outside)
Memento,Trig_Memento_Ring_Compass_Cond_AngleNorthEast,udg_TempReal,read before it is set (value comes from outside)
Memento,Trig_Memento_Ring_Compass_Cond_AngleEast,udg_TempReal,read before it is set (value comes from outside)
Memento,Trig_Memento_Ring_Compass_Actions,udg_TempPoint,first set is inside an if/loop
Memento,Trig_Memento_Ring_Compass_Actions,udg_TempPoint2,first set is inside an if/loop
Memento,Trig_Memento_Ring_Compass_Actions,udg_TempReal,a called function also uses it (hand-off)
Memento,Trig_Memento_Ring_Compass_Actions,udg_TempString,first set is inside an if/loop
Meteor,Trig_Meteor_Cast_Actions,udg_TempPoint,first set is inside an if/loop
Momentum,Trig_Momentum_Decay_DecayPlayer,udg_TempBoolean,first set is inside an if/loop
Momentum,Trig_Momentum_Decay_AnyStillActive,udg_TempBoolean,read before it is set (value comes from outside)
Momentum,Trig_Momentum_Decay_Actions,udg_TempBoolean,a called function also uses it (hand-off)
Myriad,Trig_Myriad_Arrows_Actions,udg_TempPoint,first set is inside an if/loop
OakaIV,Trig_OakaIV_CutTrees_Actions,udg_TempPoint,first set is inside an if/loop
Oblivion,Trig_Oblivion_Cast_Actions,udg_TempPoint,first set is inside an if/loop
Oblivion,Trig_Oblivion_Pulse_HealAlly,udg_TempInteger,read before it is set (value comes from outside)
Oblivion,Trig_Oblivion_Pulse_HealAlly,udg_TempReal,first set is inside an if/loop
Oblivion,Trig_Oblivion_Pulse_Actions,udg_TempGroup,has a computed ExecuteFunc/TriggerExecute
Oblivion,Trig_Oblivion_Pulse_Actions,udg_TempInteger,has a computed ExecuteFunc/TriggerExecute
Oblivion,Trig_Oblivion_Pulse_Actions,udg_TempPoint,has a computed ExecuteFunc/TriggerExecute
Oblivion,Trig_Oblivion_Pulse_Actions,udg_TempPoint2,has a computed ExecuteFunc/TriggerExecute
Odin,Trig_Odin_Escort_Teleport_Actions,udg_TempPoint,first set is inside an if/loop
OmegaWeapon,Trig_OmegaWeapon_SpellRotation_Cond_CanCastLightning,udg_TempGroup,read before it is set (value comes from outside)
OmegaWeapon,Trig_OmegaWeapon_SpellRotation_Cond_CanCastThunderbolt,udg_TempGroup,read before it is set (value comes from outside)
OmegaWeapon,Trig_OmegaWeapon_SpellRotation_Cond_CanCastFrostNova,udg_TempGroup,read before it is set (value comes from outside)
OmegaWeapon,Trig_OmegaWeapon_SpellRotation_Cond_CanCastFlameStrike,udg_TempGroup,read before it is set (value comes from outside)
OmegaWeapon,Trig_OmegaWeapon_SpellRotation_Actions,udg_TempGroup,a called function also uses it (hand-off)
Oracle,Trig_Oracle_PredictStrength_TargetIsEnemy,udg_TempBoolean,read before it is set (value comes from outside)
Oracle,Trig_Oracle_PredictStrength_MasteryCountsThisCast,udg_TempBoolean,read before it is set (value comes from outside)
Oracle,Trig_Oracle_PredictStrength_Actions,udg_TempBoolean,a called function also uses it (hand-off)
Oracle,Trig_Oracle_PredictMagic_TargetIsEnemy,udg_TempBoolean,read before it is set (value comes from outside)
Oracle,Trig_Oracle_PredictMagic_MasteryCountsThisCast,udg_TempBoolean,read before it is set (value comes from outside)
Oracle,Trig_Oracle_PredictMagic_Actions,udg_TempBoolean,a called function also uses it (hand-off)
Oracle,Trig_Oracle_NeoBahamut_Actions,udg_TempUnit2,a called function also uses it (hand-off)
Osmose,Trig_Osmose_Cast_TargetHasNoMana,udg_TempReal,read before it is set (value comes from outside)
Osmose,Trig_Osmose_Cast_DrainExceedsTargetMana,udg_TempReal,read before it is set (value comes from outside)
Osmose,Trig_Osmose_Cast_Actions,udg_TempForce,first set is inside an if/loop
Osmose,Trig_Osmose_Cast_Actions,udg_TempReal,a called function also uses it (hand-off)
Protect,Trig_Protect_Cast_Actions,udg_TempPoint,first set is inside an if/loop
QuFrog,Trig_QuFrog_DrainTick_Actions,udg_TempPoint,first set is inside an if/loop
Rave,Trig_Rave_Kick_IsCritical,udg_TempBoolean,read before it is set (value comes from outside)
Rave,Trig_Rave_Kick_Actions,udg_TempBoolean,a called function also uses it (hand-off)
Regen,Trig_Regen_Periodic_HasRegenAmount,udg_TempReal,read before it is set (value comes from outside)
Regen,Trig_Regen_Periodic_RegenUnit,udg_TempReal,a called function also uses it (hand-off)
Revive,Trig_Revive_Item_Cleanup_DropIllegalItems,udg_TempForce,first set is inside an if/loop
Ripper,Trig_Ripper_Death_Circle_Actions,udg_TempPoint,first set is inside an if/loop
Seeker,Trig_Seeker_Teleport_Cast_Actions,udg_TempPoint,first set is inside an if/loop
Shell,Trig_Shell_Cast_Actions,udg_TempPoint,first set is inside an if/loop
Shift,Trig_Shift_Elements_Roll_RolledSameElement,udg_TempInteger,read before it is set (value comes from outside)
Shift,Trig_Shift_Elements_Roll_HasElementLevel,udg_TempInteger,read before it is set (value comes from outside)
Shift,Trig_Shift_Elements_Roll_ShiftUnitElement,udg_TempInteger,a called function also uses it (hand-off)
Shift,Trig_Shift_Elements_Roll_ShiftUnitElement,udg_TempPoint,first set is inside an if/loop
Shift,Trig_Shift_Elements_Roll_FoundShiftUnits,udg_TempGroup,read before it is set (value comes from outside)
Shift,Trig_Shift_Elements_Roll_Actions,udg_TempGroup,a called function also uses it (hand-off)
Shock,Trig_Shock_Cast_Actions,udg_TempPoint2,first set is inside an if/loop
ShockAura,Trig_ShockAura_Pulse_Actions,udg_TempGroup,has a computed ExecuteFunc/TriggerExecute
ShockAura,Trig_ShockAura_Pulse_Actions,udg_TempPoint,has a computed ExecuteFunc/TriggerExecute
Spell_Blizzaga,Trig_Spell_Blizzaga_Loop,udg_TempHandleId,first set is inside an if/loop
Spell_Demi,Trig_Spell_Demi_IsOverCap,udg_TempInteger,read before it is set (value comes from outside)
Spell_Demi,Trig_Spell_Demi_IsDamagePositive,udg_TempInteger,read before it is set (value comes from outside)
Spell_Demi,Trig_Spell_Demi_Actions,udg_TempInteger,a called function also uses it (hand-off)
Spell_Demi,Trig_Spell_Demi_Actions,udg_TempReal,first set is inside an if/loop
Spell_FlamesOfJudgment,Trig_Spell_FlamesOfJudgment_Actions,udg_TempPoint,first set is inside an if/loop
Spell_FlamesOfJudgment,Trig_Spell_FlamesOfJudgment_Actions,udg_TempPoint2,first set is inside an if/loop
Spell_GayaRage,Trig_Spell_GayaRage_Ring_Actions,udg_TempPoint,first set is inside an if/loop
Spell_GayaRage,Trig_Spell_GayaRage_Damage_CasterInArena,udg_TempPoint,read before it is set (value comes from outside)
Spell_GayaRage,Trig_Spell_GayaRage_Damage_Actions,udg_TempGroup,first set is inside an if/loop
Spell_GayaRage,Trig_Spell_GayaRage_Damage_Actions,udg_TempPoint,a called function also uses it (hand-off)
Spell_GayaRage,Trig_Spell_GayaRage_Damage_Actions,udg_TempPoint2,first set is inside an if/loop
Spell_Hellhounds,Trig_Spell_Hellhounds_Actions,udg_TempPoint2,first set is inside an if/loop
Spell_IncandescentHellfire,Trig_Spell_IncandescentHellfire_Actions,udg_TempPoint2,first set is inside an if/loop
Spell_InfernoRipple,Trig_Spell_InfernoRipple_Actions,udg_TempPoint,first set is inside an if/loop
Spell_InfernoRipple,Trig_Spell_InfernoRipple_Actions,udg_TempPoint2,first set is inside an if/loop
Spell_InfernoRipple,Trig_Spell_InfernoRipple_Actions,udg_TempReal,first set is inside an if/loop
Spell_JavelinRain,Trig_Spell_JavelinRain_Cast_Actions,udg_TempPoint,first set is inside an if/loop
Spell_LivingFlame,Trig_Spell_LivingFlame_Spread_Actions,udg_TempGroup,has a computed ExecuteFunc/TriggerExecute
Spell_LivingFlame,Trig_Spell_LivingFlame_Spread_Actions,udg_TempPoint,has a computed ExecuteFunc/TriggerExecute
Spell_Meteor,Trig_Spell_Meteor_Wide_Actions,udg_TempPoint,first set is inside an if/loop
Spell_Ozmeteor,Trig_Spell_Ozmeteor_Actions,udg_TempPoint,first set is inside an if/loop
Spell_Quake,Trig_Spell_Quake_Actions,udg_TempPoint,first set is inside an if/loop
Spell_Satellite,Trig_Spell_Satellite_Beam_Death_Actions,udg_TempPoint,first set is inside an if/loop
Spell_TerraBreak,Trig_Spell_TerraBreak_Actions,udg_TempPoint,first set is inside an if/loop
Spell_Wave,Trig_Spell_Wave_Cannon_Actions,udg_TempPoint,first set is inside an if/loop
Spell_Wave,Trig_Spell_Wave_Cannon_Actions,udg_TempPoint2,first set is inside an if/loop
Steal,Trig_Steal_Cast_Actions,udg_TempForce,first set is inside an if/loop
Steal,Trig_Steal_Cast_Actions,udg_TempPoint,first set is inside an if/loop
Suicide,Trig_Suicide_Command_Actions,udg_TempInteger,a called function also uses it (hand-off)
Summon_Bahamut,Trig_Summon_Bahamut_Actions,udg_TempUnit2,a called function also uses it (hand-off)
Summon_Cyclops,Trig_Summon_Cyclops_Actions,udg_TempUnit2,a called function also uses it (hand-off)
Summon_Golem,Trig_Summon_Golem_Actions,udg_TempUnit2,a called function also uses it (hand-off)
Summon_Ifrit,Trig_Summon_Ifrit_Actions,udg_TempUnit2,a called function also uses it (hand-off)
Summon_Items,Trig_Summon_Item_Dropped_ItemOutsideCircle,udg_TempPoint,read before it is set (value comes from outside)
Summon_Items,Trig_Summon_Item_Dropped_Actions,udg_TempPoint,a called function also uses it (hand-off)
Summon_Items,Trig_Summon_Item_Dropped_Actions,udg_TempPoint2,a called function also uses it (hand-off)
Summon_Lifecycle,Trig_Summon_Detect_Actions,udg_TempUnit2,a called function also uses it (hand-off)
Summon_Lifecycle,Trig_Summon_Death_Cleanup_Actions,udg_TempPoint,first set is inside an if/loop
Summon_Scaling,Trig_Summon_Powerup_Conditions,udg_TempUnit2,read before it is set (value comes from outside)
Summon_Scaling,Trig_Summon_Powerup_Has_HighSummoner,udg_TempUnit2,read before it is set (value comes from outside)
Summon_Scaling,Trig_Summon_Powerup_Has_BlueExorcist,udg_TempUnit2,read before it is set (value comes from outside)
Summon_Scaling,Trig_Summon_Powerup_Has_ApprenticeSummoner,udg_TempUnit2,read before it is set (value comes from outside)
Summon_Scaling,Trig_Summon_Powerup_Has_FullExorcist,udg_TempUnit2,read before it is set (value comes from outside)
Summon_Scaling,Trig_Summon_Powerup_Has_FinalArbiter,udg_TempUnit2,read before it is set (value comes from outside)
Summon_Scaling,Trig_Summon_Powerup_Has_ExtremeChallenger,udg_TempUnit2,read before it is set (value comes from outside)
Summon_Scaling,Trig_Summon_Powerup_Has_MagicGod,udg_TempUnit2,read before it is set (value comes from outside)
Summon_Scaling,Trig_Summon_Powerup_Has_MonsterHunter,udg_TempUnit2,read before it is set (value comes from outside)
Summon_Scaling,Trig_Summon_Powerup_Has_NotHornless,udg_TempUnit2,read before it is set (value comes from outside)
Summon_Scaling,Trig_Summon_Powerup_Aura_Tarugaya,udg_TempUnit2,read before it is set (value comes from outside)
Summon_Scaling,Trig_Summon_Powerup_Aura_Sukugaya,udg_TempUnit2,read before it is set (value comes from outside)
Summon_Scaling,Trig_Summon_Powerup_Aura_Rakugaya,udg_TempUnit2,read before it is set (value comes from outside)
Summon_Scaling,Trig_Summon_Powerup_Actions,udg_TempUnit2,a called function also uses it (hand-off)
Summon_Shiva,Trig_Summon_Shiva_Actions,udg_TempUnit2,a called function also uses it (hand-off)
Transfusion,Trig_Transfusion_Cast_WouldKillCaster,udg_TempReal,read before it is set (value comes from outside)
Transfusion,Trig_Transfusion_Cast_Actions,udg_TempForce,first set is inside an if/loop
Transfusion,Trig_Transfusion_Cast_Actions,udg_TempReal,a called function also uses it (hand-off)
Tremor,Trig_Tremor_Cast_DamageEnemy,udg_TempInteger,read before it is set (value comes from outside)
Tremor,Trig_Tremor_Cast_Actions,udg_TempInteger,a called function also uses it (hand-off)
Tremor,Trig_Tremor_Cast_Actions,udg_TempPoint2,first set is inside an if/loop
TwoHanded,Trig_TwoHanded_Check_SlotCancelsBonus,udg_TempBoolean,read before it is set (value comes from outside)
TwoHanded,Trig_TwoHanded_Check_TwoHandedActive,udg_TempBoolean,read before it is set (value comes from outside)
TwoHanded,Trig_TwoHanded_Check_Actions,udg_TempBoolean,a called function also uses it (hand-off)
Unit,Trig_Unit_ApplyUpgradeBonuses_Actions,udg_TempReal,first set is inside an if/loop
Urn,Trig_Urn_Guardians_Count_Actions,udg_TempPoint3,first set is inside an if/loop
Valfodr,Trig_Valfodr_Gagnrath_Actions,udg_TempPoint2,first set is inside an if/loop
Valfodr,Trig_Valfodr_GagnrathWave_DamageTarget,udg_TempInteger,read before it is set (value comes from outside)
Valfodr,Trig_Valfodr_GagnrathWave_Actions,udg_TempGroup,has a computed ExecuteFunc/TriggerExecute
Valfodr,Trig_Valfodr_GagnrathWave_Actions,udg_TempInteger,has a computed ExecuteFunc/TriggerExecute
Valfodr,Trig_Valfodr_GagnrathWave_Actions,udg_TempPoint,has a computed ExecuteFunc/TriggerExecute
Valfodr,Trig_Valfodr_GagnrathWave_Actions,udg_TempPoint2,has a computed ExecuteFunc/TriggerExecute
Valfodr,Trig_Valfodr_GagnrathWave_Actions,udg_TempReal,has a computed ExecuteFunc/TriggerExecute
Valfodr,Trig_Valfodr_Bolverk_Actions,udg_TempPoint2,first set is inside an if/loop
Vendetta,Trig_Vendetta_Release_Actions,udg_TempPoint2,first set is inside an if/loop
Verci,Trig_Verci_Phases_NoHeroesNear,udg_TempGroup,read before it is set (value comes from outside)
Verci,Trig_Verci_Phases_Actions,udg_TempGroup,a called function also uses it (hand-off)
Verci,Trig_Verci_Phases_Actions,udg_TempPoint,first set is inside an if/loop
Vortex,Trig_Vortex_Drain_DrainVictim,udg_TempPoint,first set is inside an if/loop
Weapon,Trig_Weapon_Research_HasWeaponSkill10,udg_TempPlayer,read before it is set (value comes from outside)
Weapon,Trig_Weapon_Research_CanCompleteWeaponQuest,udg_TempPlayer,a called function also uses it (hand-off)
Weapon,Trig_Weapon_Research_Actions,udg_TempInteger,a called function also uses it (hand-off)
Weapon,Trig_Weapon_Research_Actions,udg_TempPlayer,a called function also uses it (hand-off)
Wirts,Trig_Wirts_Leg_Club_OutsideTowns,udg_TempPoint,read before it is set (value comes from outside)
Wirts,Trig_Wirts_Leg_Club_Actions,udg_TempForce,first set is inside an if/loop
Wirts,Trig_Wirts_Leg_Club_Actions,udg_TempInteger,first set is inside an if/loop
Wirts,Trig_Wirts_Leg_Club_Actions,udg_TempPoint,a called function also uses it (hand-off)
Wirts,Trig_Wirts_Leg_Club_Actions,udg_TempReal,first set is inside an if/loop
Armory,Trig_Armory_Open_Actions,udg_TempPoint,first set is inside an if/loop
Armory,Trig_Armory_Select_HeroNearby,udg_TempPoint,read before it is set (value comes from outside)
Armory,Trig_Armory_Select_HeroNearby,udg_TempPoint2,read before it is set (value comes from outside)
Armory,Trig_Armory_Select_Actions,udg_TempForce,first set is inside an if/loop
Armory,Trig_Armory_Select_Actions,udg_TempPoint,a called function also uses it (hand-off)
Armory,Trig_Armory_Select_Actions,udg_TempPoint2,a called function also uses it (hand-off)
Armory,Trig_Armory_Back_MatchesBackCategory,udg_TempInteger,read before it is set (value comes from outside)
Armory,Trig_Armory_Back_Actions,udg_TempInteger,a called function also uses it (hand-off)
Armory,Trig_Armory_Store_Item_MissingEntry,udg_TempPlayer,read before it is set (value comes from outside)
Armory,Trig_Armory_Store_Item_AllCollected,udg_TempBoolean,read before it is set (value comes from outside)
Armory,Trig_Armory_Store_Item_Actions,udg_TempBoolean,a called function also uses it (hand-off)
Armory,Trig_Armory_Store_Item_Actions,udg_TempForce,a called function also uses it (hand-off)
Armory,Trig_Armory_Store_Item_Actions,udg_TempInteger,a called function also uses it (hand-off)
Armory,Trig_Armory_Store_Item_Actions,udg_TempPlayer,a called function also uses it (hand-off)
Artifact,Trig_Artifact_Ping_Actions,udg_TempPoint,first set is inside an if/loop
Bazaar,Trig_Bazaar_UpdateStock_Actions,udg_TempPoint,first set is inside an if/loop
Bazaar,Trig_Bazaar_Sell_Bundle_Actions,udg_TempPoint,first set is inside an if/loop
Book,Trig_Book_TransformGem_Cond_NoBookMatched,udg_TempItemId,read before it is set (value comes from outside)
Book,Trig_Book_TransformGem_Actions,udg_TempForce,first set is inside an if/loop
Book,Trig_Book_TransformGem_Actions,udg_TempItemId,a called function also uses it (hand-off)
Cooking,Trig_Cooking_Recipes_UnlockAll_Actions,udg_TempGroup,first set is inside an if/loop
Craft,Trig_Craft_Recipe_MakeRecipe,udg_TempInteger,a called function also uses it (hand-off)
Craft,Trig_Craft_Recipe_MakeRecipe,udg_TempPlayer,a called function also uses it (hand-off)
Dismantle,Trig_Dismantle_Cast_IsDismantlable,udg_TempInteger,read before it is set (value comes from outside)
Dismantle,Trig_Dismantle_Cast_Actions,udg_TempInteger,a called function also uses it (hand-off)
Equip,Trig_Equip_Restrictions_HandsFull,udg_TempBoolean,read before it is set (value comes from outside)
Equip,Trig_Equip_Restrictions_MasterMissing,udg_TempString,read before it is set (value comes from outside)
Equip,Trig_Equip_Restrictions_Actions,udg_TempBoolean,a called function also uses it (hand-off)
Equip,Trig_Equip_Restrictions_Actions,udg_TempForce,first set is inside an if/loop
Equip,Trig_Equip_Restrictions_Actions,udg_TempString,a called function also uses it (hand-off)
FillVial,Trig_FillVial_Cast_Actions,udg_TempPoint,first set is inside an if/loop
Forge,Trig_Forge_Bali_ItemGiven_Cond_GearMatched,udg_TempBoolean,read before it is set (value comes from outside)
Forge,Trig_Forge_Bali_ItemGiven_Cond_MaterialMatched,udg_TempBoolean,read before it is set (value comes from outside)
Forge,Trig_Forge_Bali_ItemGiven_Actions,udg_TempBoolean,a called function also uses it (hand-off)
Forge,Trig_Forge_Bali_Craft_Cond_PhysicalWeaponLevel,udg_TempInteger,read before it is set (value comes from outside)
Forge,Trig_Forge_Bali_Craft_Cond_RecipeFound,udg_TempInteger,read before it is set (value comes from outside)
Forge,Trig_Forge_Bali_Craft_Actions,udg_TempInteger,a called function also uses it (hand-off)
HeroMedicine,Trig_HeroMedicine_Refill_GiveDrinkToPlayer,udg_TempBoolean,first set is inside an if/loop
HeroMedicine,Trig_HeroMedicine_Refill_Cond_NoneWithMedicine,udg_TempBoolean,read before it is set (value comes from outside)
HeroMedicine,Trig_HeroMedicine_Refill_Actions,udg_TempBoolean,a called function also uses it (hand-off)
Loot,Trig_Loot_MonsterDrop_Actions,udg_TempPoint3,first set is inside an if/loop
Loot,Trig_Loot_EssenceDrop_Actions,udg_TempPoint3,first set is inside an if/loop
Loot,Trig_Loot_Cuchulainn_EyeDrop_Actions,udg_TempPoint,a called function also uses it (hand-off)
Materia,Trig_Materia_Altar_Ritual_NotOnAltar,udg_TempPoint,read before it is set (value comes from outside)
Materia,Trig_Materia_Altar_Ritual_DemiAltarFree,udg_TempPoint,read before it is set (value comes from outside)
Materia,Trig_Materia_Altar_Ritual_WaterAltarFree,udg_TempPoint,read before it is set (value comes from outside)
Materia,Trig_Materia_Altar_Ritual_QuakeAltarFree,udg_TempPoint,read before it is set (value comes from outside)
Materia,Trig_Materia_Altar_Ritual_AeroAltarFree,udg_TempPoint,read before it is set (value comes from outside)
Materia,Trig_Materia_Altar_Ritual_Actions,udg_TempPoint,a called function also uses it (hand-off)
Merchant,Trig_Merchant_Spawn_Night_Actions,udg_TempPoint,first set is inside an if/loop
Merchant,Trig_Merchant_Leave_Dawn_Actions,udg_TempPoint,first set is inside an if/loop
Potion,Trig_Potion_Use_Actions,udg_TempInteger,first set is inside an if/loop
Rune,Trig_Rune_Pickup_HasLifeGain,udg_TempReal,read before it is set (value comes from outside)
Rune,Trig_Rune_Pickup_HealEnum,udg_TempInteger,read before it is set (value comes from outside)
Rune,Trig_Rune_Pickup_HealEnum,udg_TempPoint,first set is inside an if/loop
Rune,Trig_Rune_Pickup_HealEnum,udg_TempReal,a called function also uses it (hand-off)
Rune,Trig_Rune_Pickup_HasManaGain,udg_TempReal,read before it is set (value comes from outside)
Rune,Trig_Rune_Pickup_ManaEnum,udg_TempInteger,read before it is set (value comes from outside)
Rune,Trig_Rune_Pickup_ManaEnum,udg_TempPoint,first set is inside an if/loop
Rune,Trig_Rune_Pickup_ManaEnum,udg_TempPoint2,first set is inside an if/loop
Rune,Trig_Rune_Pickup_ManaEnum,udg_TempReal,a called function also uses it (hand-off)
Rune,Trig_Rune_Pickup_Actions,udg_TempInteger,a called function also uses it (hand-off)
Rune,Trig_Rune_Pickup_Actions,udg_TempPoint,a called function also uses it (hand-off)
Toss,Trig_Toss_Potion_TargetNegatesHeal,udg_TempUnit2,read before it is set (value comes from outside)
Toss,Trig_Toss_Potion_Actions,udg_TempInteger,first set is inside an if/loop
Toss,Trig_Toss_Potion_Actions,udg_TempUnit2,a called function also uses it (hand-off)
AlmightyShinra,Trig_AlmightyShinra_Cinematic_Cam_Orbit,udg_TempPoint,read before it is set (value comes from outside)
AlmightyShinra,Trig_AlmightyShinra_Cinematic_Actions,udg_TempPoint,a called function also uses it (hand-off)
AlmightyShinra,Trig_AlmightyShinra_Defeat_GrantAchievement,udg_TempInteger,a called function also uses it (hand-off)
AlmightyShinra,Trig_AlmightyShinra_Defeat_GrantAchievement,udg_TempPlayer,a called function also uses it (hand-off)
AlmightyShinra,Trig_AlmightyShinra_Defeat_Actions,udg_TempPoint,a called function also uses it (hand-off)
AlmightyShinra,Trig_AlmightyShinra_Defeat_Actions,udg_TempUnit,a called function also uses it (hand-off)
Andre,Trig_Andre_Elysium_Reveal_Actions,udg_TempForce,first set is inside an if/loop
Andre,Trig_Andre_Elysium_Reveal_Actions,udg_TempPoint,first set is inside an if/loop
ArenaExpansion,Trig_ArenaExpansion_PingDust_Actions,udg_TempPoint,first set is inside an if/loop
ArenaExpansion,Trig_ArenaExpansion_Complete_Actions,udg_TempPoint,first set is inside an if/loop
ArenaResources,Trig_ArenaResources_ShipMove_Cond_LimmaTooFar,udg_TempPoint,read before it is set (value comes from outside)
ArenaResources,Trig_ArenaResources_ShipMove_Cond_LimmaTooFar,udg_TempPoint2,read before it is set (value comes from outside)
ArenaResources,Trig_ArenaResources_ShipMove_Actions,udg_TempPoint,a called function also uses it (hand-off)
ArenaResources,Trig_ArenaResources_ShipMove_Actions,udg_TempPoint2,a called function also uses it (hand-off)
Bernkastel,Trig_Bernkastel_Try_Spawn_Enum_SumLuck,udg_TempInteger,first set reads the old value
Bernkastel,Trig_Bernkastel_Try_Spawn_Cond_FirstVisitRoll,udg_TempInteger,read before it is set (value comes from outside)
Bernkastel,Trig_Bernkastel_Try_Spawn_Cond_ThirdVisitRoll,udg_TempInteger,read before it is set (value comes from outside)
Bernkastel,Trig_Bernkastel_Try_Spawn_Actions,udg_TempInteger,a called function also uses it (hand-off)
Bernkastel,Trig_Bernkastel_Try_Spawn_Actions,udg_TempPoint,first set is inside an if/loop
Bernkastel,Trig_Bernkastel_Hint_Talk_Actions,udg_TempPoint,first set is inside an if/loop
BlazingDemon,Trig_BlazingDemon_Appear_Actions,udg_TempPoint,read before it is set (value comes from outside)
BlazingDemon,Trig_BlazingDemon_FullHeat_Actions,udg_TempPoint2,first set is inside an if/loop
Cloak,Trig_Cloak_UpdateStats_UpdateCloakDigits,udg_TempBoolean,first set is inside an if/loop
Cloak,Trig_Cloak_UpdateStats_Cond_NoCloakFound,udg_TempBoolean,read before it is set (value comes from outside)
Cloak,Trig_Cloak_UpdateStats_Actions,udg_TempBoolean,a called function also uses it (hand-off)
CrystalBall,Trig_CrystalBall_Ping_Actions,udg_TempPoint,first set is inside an if/loop
Dana,Trig_Dana_Receive_Eye_Actions,udg_TempPoint,first set is inside an if/loop
Dana,Trig_Dana_Receive_Eye_Actions,udg_TempPoint2,first set is inside an if/loop
DarkBahamut,Trig_DarkBahamut_Riddle_PunishHero,udg_TempPoint,first set is inside an if/loop
DarkBahamut,Trig_DarkBahamut_Riddle_Actions,udg_TempPoint,a called function also uses it (hand-off)
DarkBahamut,Trig_DarkBahamut_Phase4_Actions,udg_TempPoint2,first set is inside an if/loop
DarkIfrit,Trig_DarkIfrit_Appear_Actions,udg_TempPlayer,first set is inside an if/loop
DarkIfrit,Trig_DarkIfrit_Appear_Actions,udg_TempPoint2,first set is inside an if/loop
DarkIfrit,Trig_DarkIfrit_Death_Actions,udg_TempPoint,a called function also uses it (hand-off)
DarkPhoenix,Trig_DarkPhoenix_Appear_Actions,udg_TempPlayer,first set is inside an if/loop
DarkPhoenix,Trig_DarkPhoenix_Appear_Actions,udg_TempPoint2,first set is inside an if/loop
DarkPhoenix,Trig_DarkPhoenix_Death_Actions,udg_TempPoint,a called function also uses it (hand-off)
DeathSeeker,Trig_DeathSeeker_Give_Actions,udg_TempPoint,first set is inside an if/loop
DefiledFountain,Trig_DefiledFountain_PingBulb_Actions,udg_TempPoint,first set is inside an if/loop
DimensionalBoundary,Trig_DimensionalBoundary_OpenPortal_Actions,udg_TempPoint,first set is inside an if/loop
DimensionalBoundary,Trig_DimensionalBoundary_EmptyEnd_Actions,udg_TempPoint,first set is inside an if/loop
DimensionalBoundary,Trig_DimensionalBoundary_EmptyEnd_Actions,udg_TempPoint2,first set is inside an if/loop
DragonEgg,Trig_DragonEgg_Ping_Actions,udg_TempPoint,first set is inside an if/loop
Elemental,Trig_Elemental_Setup_Actions,udg_TempInteger,a called function also uses it (hand-off)
Elemental,Trig_Elemental_Spawn_Cond_SpawnEntite,udg_TempInteger,read before it is set (value comes from outside)
Elemental,Trig_Elemental_Spawn_Actions,udg_TempInteger,a called function also uses it (hand-off)
Elemental,Trig_Elemental_Wander_Cond_NearTargetLoc,udg_TempPoint,read before it is set (value comes from outside)
Elemental,Trig_Elemental_Wander_Actions,udg_TempPoint,a called function also uses it (hand-off)
Elemental,Trig_Elemental_Assist_Attack_Cond_ChosenInRange,udg_TempPoint5,read before it is set (value comes from outside)
Elemental,Trig_Elemental_Assist_Attack_Cond_HolyInRange,udg_TempPoint5,read before it is set (value comes from outside)
Elemental,Trig_Elemental_Assist_Attack_Actions,udg_TempPoint5,a called function also uses it (hand-off)
Elemental,Trig_Elemental_Death_Actions,udg_TempInteger,a called function also uses it (hand-off)
Elemental,Trig_Elemental_Death_Actions,udg_TempPoint3,first set is inside an if/loop
Elysium,Trig_Elysium_MarkerTick_FlagFreelancerFound,udg_TempBoolean,first set is inside an if/loop
Elysium,Trig_Elysium_MarkerTick_Cond_FreelancerMarkerStale,udg_TempBoolean,read before it is set (value comes from outside)
Elysium,Trig_Elysium_MarkerTick_Cond_FreelancerMarkerNeeded,udg_TempBoolean,read before it is set (value comes from outside)
Elysium,Trig_Elysium_MarkerTick_FlagUltimateMasterFound,udg_TempBoolean,first set is inside an if/loop
Elysium,Trig_Elysium_MarkerTick_Cond_MasterFound,udg_TempBoolean,read before it is set (value comes from outside)
Elysium,Trig_Elysium_MarkerTick_FlagJobHeroFound,udg_TempBoolean,first set is inside an if/loop
Elysium,Trig_Elysium_MarkerTick_Cond_NoMatchFound,udg_TempBoolean,read before it is set (value comes from outside)
Elysium,Trig_Elysium_MarkerTick_Cond_MatchFound,udg_TempBoolean,read before it is set (value comes from outside)
Elysium,Trig_Elysium_MarkerTick_Actions,udg_TempBoolean,a called function also uses it (hand-off)
Ending,Trig_Ending_FrozenWorld_FreezeTrees,udg_TempPoint,first set is inside an if/loop
Ending,Trig_Ending_FrozenWorld_RevealSpot,udg_TempPoint,read before it is set (value comes from outside)
Ending,Trig_Ending_FrozenWorld_Actions,udg_TempPoint,a called function also uses it (hand-off)
Ending,Trig_Ending_Wasteland_RuinUnit,udg_TempPoint,first set is inside an if/loop
Ending,Trig_Ending_Wasteland_RuinUnit,udg_TempPoint2,first set is inside an if/loop
Ending,Trig_Ending_Wasteland_BurnTrees,udg_TempPoint,first set is inside an if/loop
Ending,Trig_Ending_Wasteland_Actions,udg_TempPoint,a called function also uses it (hand-off)
Ending,Trig_Ending_Wasteland_Actions,udg_TempPoint2,a called function also uses it (hand-off)
Epilogue,Trig_Epilogue_DarkKnight_Actions,udg_TempPoint,first set is inside an if/loop
Exodus,Trig_Exodus_Reveal_Actions,udg_TempPoint,first set is inside an if/loop
Exodus,Trig_Exodus_Cometeorite_Actions,udg_TempPoint,first set is inside an if/loop
Fafnir,Trig_Fafnir_LowLife_Credit_CreditPlayer,udg_TempInteger,a called function also uses it (hand-off)
Fafnir,Trig_Fafnir_LowLife_Credit_CreditPlayer,udg_TempPlayer,a called function also uses it (hand-off)
Famfrit,Trig_Famfrit_TidalWave_Actions,udg_TempHandleId,first set is inside an if/loop
Gilgamesh,Trig_Gilgamesh_Gift_HasRyuujin,udg_TempInteger,read before it is set (value comes from outside)
Gilgamesh,Trig_Gilgamesh_Gift_HasGenjiShield,udg_TempInteger,read before it is set (value comes from outside)
Gilgamesh,Trig_Gilgamesh_Gift_HasGenjiMask,udg_TempInteger,read before it is set (value comes from outside)
Gilgamesh,Trig_Gilgamesh_Gift_NeedsGenjiGloves,udg_TempInteger,read before it is set (value comes from outside)
Gilgamesh,Trig_Gilgamesh_Gift_HasGenjiArmor,udg_TempInteger,read before it is set (value comes from outside)
Gilgamesh,Trig_Gilgamesh_Gift_LuShangOwed,udg_TempInteger,read before it is set (value comes from outside)
Gilgamesh,Trig_Gilgamesh_Gift_Actions,udg_TempInteger,a called function also uses it (hand-off)
GoblinChief,Trig_GoblinChief_Death_Actions,udg_TempPoint,first set is inside an if/loop
GolemHeart,Trig_GolemHeart_Ping_Actions,udg_TempPoint,first set is inside an if/loop
GuideBook,Trig_GuideBook_Search1_Actions,udg_TempPoint,first set is inside an if/loop
GuideBook,Trig_GuideBook_Search2_Actions,udg_TempPoint,first set is inside an if/loop
GuideBook,Trig_GuideBook_Search3_Actions,udg_TempPoint,first set is inside an if/loop
GuideBook,Trig_GuideBook_Search4_Actions,udg_TempPoint,first set is inside an if/loop
GuideBook,Trig_GuideBook_Search5_Actions,udg_TempPoint,first set is inside an if/loop
GuideBook,Trig_GuideBook_Search6_Actions,udg_TempPoint,first set is inside an if/loop
HealingWaters,Trig_HealingWaters_PingVial_Actions,udg_TempPoint,first set is inside an if/loop
HealingWaters,Trig_HealingWaters_Cure_Actions,udg_TempPoint,first set is inside an if/loop
HealingWaters,Trig_HealingWaters_CureBlood_Actions,udg_TempPoint,first set is inside an if/loop
HydraEgg,Trig_HydraEgg_Ping_Actions,udg_TempPoint,first set is inside an if/loop
IceAge,Trig_IceAge_FreezeTimeout_Actions,udg_TempPoint,a called function also uses it (hand-off)
IceAge,Trig_IceAge_Victory_GrantAward16,udg_TempInteger,a called function also uses it (hand-off)
IceAge,Trig_IceAge_Victory_GrantAward16,udg_TempPlayer,a called function also uses it (hand-off)
IceAge,Trig_IceAge_Victory_Actions,udg_TempPoint,first set is inside an if/loop
IceAge,Trig_IceAge_Victory_Actions,udg_TempPoint2,first set is inside an if/loop
Judgment,Trig_Judgment_Attack_Alberich_Actions,udg_TempPoint,first set is inside an if/loop
Judgment,Trig_Judgment_Spare_Alberich_Cond_HeroNearAlberich,udg_TempPoint,read before it is set (value comes from outside)
Judgment,Trig_Judgment_Spare_Alberich_Cond_HeroNearAlberich,udg_TempPoint2,read before it is set (value comes from outside)
Judgment,Trig_Judgment_Spare_Alberich_Enum_CollectNearbyPlayers,udg_TempForce,read before it is set (value comes from outside)
Judgment,Trig_Judgment_Spare_Alberich_Enum_CollectNearbyPlayers,udg_TempPoint2,a called function also uses it (hand-off)
Judgment,Trig_Judgment_Spare_Alberich_Cond_JudgeNotPresent,udg_TempForce,read before it is set (value comes from outside)
Judgment,Trig_Judgment_Spare_Alberich_Cond_PlayersStillNear,udg_TempForce,read before it is set (value comes from outside)
Judgment,Trig_Judgment_Spare_Alberich_Actions,udg_TempForce,a called function also uses it (hand-off)
Judgment,Trig_Judgment_Spare_Alberich_Actions,udg_TempPoint,a called function also uses it (hand-off)
Judgment,Trig_Judgment_Spare_Alberich_Actions,udg_TempPoint2,a called function also uses it (hand-off)
KalmSiege,Trig_KalmSiege_AITick_AttackMoveNorth,udg_TempPoint,read before it is set (value comes from outside)
KalmSiege,Trig_KalmSiege_AITick_AttackMoveSouth,udg_TempPoint,read before it is set (value comes from outside)
KalmSiege,Trig_KalmSiege_AITick_Actions,udg_TempPoint,a called function also uses it (hand-off)
KalmSiege,Trig_KalmSiege_LeaderRetreat_NoHeroesNearby,udg_TempGroup,read before it is set (value comes from outside)
KalmSiege,Trig_KalmSiege_LeaderRetreat_IsGuardTooFar,udg_TempPoint,read before it is set (value comes from outside)
KalmSiege,Trig_KalmSiege_LeaderRetreat_IsGuardTooFar,udg_TempPoint2,read before it is set (value comes from outside)
KalmSiege,Trig_KalmSiege_LeaderRetreat_IsGuardTooFar,udg_TempReal,read before it is set (value comes from outside)
KalmSiege,Trig_KalmSiege_LeaderRetreat_PullGuardTowardLeader,udg_TempPoint,a called function also uses it (hand-off)
KalmSiege,Trig_KalmSiege_LeaderRetreat_PullGuardTowardLeader,udg_TempPoint2,a called function also uses it (hand-off)
KalmSiege,Trig_KalmSiege_LeaderRetreat_Actions,udg_TempGroup,a called function also uses it (hand-off)
KalmSiege,Trig_KalmSiege_LeaderRetreat_Actions,udg_TempPoint,a called function also uses it (hand-off)
KalmSiege,Trig_KalmSiege_LeaderRetreat_Actions,udg_TempPoint2,a called function also uses it (hand-off)
KalmSiege,Trig_KalmSiege_LeaderRetreat_Actions,udg_TempReal,a called function also uses it (hand-off)
KalmSiege,Trig_KalmSiege_FailRespawn_Actions,udg_TempPoint,first set is inside an if/loop
KalmSiege1,Trig_KalmSiege1_Begin_Actions,udg_TempPoint,first set is inside an if/loop
KalmSiege1,Trig_KalmSiege1_Defeat_Actions,udg_TempPoint,first set is inside an if/loop
KalmSiege1,Trig_KalmSiege1_TrackDeaths_Actions,udg_TempPoint3,first set is inside an if/loop
KalmSiege2,Trig_KalmSiege2_Begin_Actions,udg_TempPoint,first set is inside an if/loop
KalmSiege2,Trig_KalmSiege2_Defeat_Actions,udg_TempPoint,first set is inside an if/loop
KalmSiege2,Trig_KalmSiege2_TrackDeaths_Actions,udg_TempPoint3,first set is inside an if/loop
KalmSiege2,Trig_KalmSiege2_Fail_RemoveDemonCopy,udg_TempPoint,read before it is set (value comes from outside)
KalmSiege2,Trig_KalmSiege2_Fail_Actions,udg_TempPoint,a called function also uses it (hand-off)
KalmSiege3,Trig_KalmSiege3_Begin_Actions,udg_TempPoint,first set is inside an if/loop
KalmSiege3,Trig_KalmSiege3_Begin_Actions,udg_TempPoint2,read before it is set (value comes from outside)
KalmSiege3,Trig_KalmSiege3_DemonSummon_UnderCorpseCap,udg_TempGroup,read before it is set (value comes from outside)
KalmSiege3,Trig_KalmSiege3_DemonSummon_Actions,udg_TempGroup,a called function also uses it (hand-off)
KalmSiege3,Trig_KalmSiege3_DemonSummon_Actions,udg_TempPoint,first set is inside an if/loop
KalmSiege3,Trig_KalmSiege3_DemonSummon_Actions,udg_TempPoint2,first set is inside an if/loop
KalmSiege3,Trig_KalmSiege3_TrackDeaths_Actions,udg_TempPoint3,first set is inside an if/loop
KalmSiege3,Trig_KalmSiege3_Defeat_Actions,udg_TempPoint,first set is inside an if/loop
KalmSiege3,Trig_KalmSiege3_Complete_Actions,udg_TempPoint,a called function also uses it (hand-off)
KalmSiege3,Trig_KalmSiege3_Fail_Actions,udg_TempPoint2,first set is inside an if/loop
Mid,Trig_Mid_Freed_Actions,udg_TempGroup,first set is inside an if/loop
Mid,Trig_Mid_Letter_Ping_Actions,udg_TempPoint,first set is inside an if/loop
MithrilGolem,Trig_MithrilGolem_Activate_Actions,udg_TempPoint,first set is inside an if/loop
MithrilGolem,Trig_MithrilGolem_Activate_Actions,udg_TempUnit,first set is inside an if/loop
Monstrum,Trig_Monstrum_Tentacle_Ambush_Actions,udg_TempPoint2,first set is inside an if/loop
Monstrum,Trig_Monstrum_Phase_Check_Actions,udg_TempPoint,first set is inside an if/loop
Monstrum,Trig_Monstrum_Phase_Check_Actions,udg_TempPoint2,first set is inside an if/loop
Monstrum,Trig_Monstrum_DepthCharge_SlotFree,udg_TempInteger,read before it is set (value comes from outside)
Monstrum,Trig_Monstrum_DepthCharge_Actions,udg_TempInteger,a called function also uses it (hand-off)
Monstrum,Trig_Monstrum_DepthCharge_Actions,udg_TempPoint2,first set is inside an if/loop
MysteriousCurse,Trig_MysteriousCurse_AdriaReturn_Actions,udg_TempPoint,first set is inside an if/loop
MysteriousCurse,Trig_MysteriousCurse_LinkReturn_Actions,udg_TempPoint,first set is inside an if/loop
Naisha,Trig_Naisha_ArriveLothlorien_Actions,udg_TempGroup,first set is inside an if/loop
Naisha,Trig_Naisha_ArriveLothlorien_Actions,udg_TempPoint,first set is inside an if/loop
NameDiary,Trig_NameDiary_Start_MatchesLetterSlot,udg_TempString,read before it is set (value comes from outside)
NameDiary,Trig_NameDiary_Start_HasLetterSlot,udg_TempInteger,read before it is set (value comes from outside)
NameDiary,Trig_NameDiary_Start_IsNameUsable,udg_TempString,read before it is set (value comes from outside)
NameDiary,Trig_NameDiary_Start_Actions,udg_TempInteger,a called function also uses it (hand-off)
NameDiary,Trig_NameDiary_Start_Actions,udg_TempString,a called function also uses it (hand-off)
NameDiary,Trig_NameDiary_Ping_Actions,udg_TempPoint,first set is inside an if/loop
NameDiary,Trig_NameDiary_Chronicle_IsNameTooShort,udg_TempString,read before it is set (value comes from outside)
NameDiary,Trig_NameDiary_Chronicle_IsNameClyde,udg_TempString,read before it is set (value comes from outside)
NameDiary,Trig_NameDiary_Chronicle_MatchesLetterSlot,udg_TempString,read before it is set (value comes from outside)
NameDiary,Trig_NameDiary_Chronicle_HasNoLetterSlot,udg_TempInteger,read before it is set (value comes from outside)
NameDiary,Trig_NameDiary_Chronicle_IsLetterTaken,udg_TempInteger,read before it is set (value comes from outside)
NameDiary,Trig_NameDiary_Chronicle_Actions,udg_TempInteger,a called function also uses it (hand-off)
NameDiary,Trig_NameDiary_Chronicle_Actions,udg_TempString,a called function also uses it (hand-off)
NebraKing,Trig_NebraKing_Summon_Actions,udg_TempInteger,read before it is set (value comes from outside)
NebraKing,Trig_NebraKing_Summon_Actions,udg_TempPoint,first set is inside an if/loop
NebraKing,Trig_NebraKing_Escape_Actions,udg_TempPoint2,first set is inside an if/loop
NpcTrio,Trig_NpcTrio_Turn_Face_Cond_InTalkRange,udg_TempPoint,read before it is set (value comes from outside)
NpcTrio,Trig_NpcTrio_Turn_Face_Cond_InTalkRange,udg_TempPoint2,read before it is set (value comes from outside)
NpcTrio,Trig_NpcTrio_Turn_Face_Actions,udg_TempPoint,a called function also uses it (hand-off)
NpcTrio,Trig_NpcTrio_Turn_Face_Actions,udg_TempPoint2,a called function also uses it (hand-off)
PriestX,Trig_PriestX_Appear_Actions,udg_TempPoint,first set is inside an if/loop
PriestX,Trig_PriestX_Talk1_Actions,udg_TempPoint,first set is inside an if/loop
PriestX,Trig_PriestX_Talk2_Actions,udg_TempPoint,first set is inside an if/loop
Quest_BlazingDemon,Trig_Quest_BlazingDemon_EndWeak_Actions,udg_TempPoint,first set is inside an if/loop
Quest_BlazingDemon,Trig_Quest_BlazingDemon_End_Actions,udg_TempPoint,first set is inside an if/loop
Quest_BlazingDemon,Trig_Quest_BlazingDemon_Escape_Actions,udg_TempPlayer,a called function also uses it (hand-off)
Quest_BlazingDemon,Trig_Quest_BlazingDemon_Escape_Actions,udg_TempPoint,first set is inside an if/loop
Quest_Brothers,Trig_Quest_Brothers_Defeated_Cond_KillerNotPlaying,udg_TempPlayer,read before it is set (value comes from outside)
Quest_Brothers,Trig_Quest_Brothers_Defeated_Actions,udg_TempGroup,first set is inside an if/loop
Quest_Brothers,Trig_Quest_Brothers_Defeated_Actions,udg_TempPlayer,a called function also uses it (hand-off)
Quest_Caravan,Trig_Quest_Caravan_Deliver_Cond_HorseNearby,udg_TempPoint,read before it is set (value comes from outside)
Quest_Caravan,Trig_Quest_Caravan_Deliver_Cond_HorseNearby,udg_TempPoint2,read before it is set (value comes from outside)
Quest_Caravan,Trig_Quest_Caravan_Deliver_Enum_ScoreHorse,udg_TempPoint2,a called function also uses it (hand-off)
Quest_Caravan,Trig_Quest_Caravan_Deliver_Actions,udg_TempPoint,a called function also uses it (hand-off)
Quest_Caravan,Trig_Quest_Caravan_Deliver_Actions,udg_TempPoint2,a called function also uses it (hand-off)
Quest_Crossbow,Trig_Quest_Crossbow_NeedEnemies_Cond_NoEnemiesNear,udg_TempGroup,read before it is set (value comes from outside)
Quest_Crossbow,Trig_Quest_Crossbow_NeedEnemies_Actions,udg_TempForce,first set is inside an if/loop
Quest_Crossbow,Trig_Quest_Crossbow_NeedEnemies_Actions,udg_TempGroup,a called function also uses it (hand-off)
Quest_DivineOrder,Trig_Quest_DivineOrder_Complete_Actions,udg_TempPoint,first set is inside an if/loop
Quest_DivineOrder,Trig_Quest_DivineOrder_Complete_Actions,udg_TempPoint2,first set is inside an if/loop
Quest_EidolonChallenge,Trig_Quest_EidolonChallenge_Count_Actions,udg_TempPoint,first set is inside an if/loop
Quest_FireGolem,Trig_Quest_FireGolem_Ping_Actions,udg_TempPoint,first set is inside an if/loop
Quest_FireGolem,Trig_Quest_FireGolem_Complete_Actions,udg_TempPoint,first set is inside an if/loop
Quest_FireGolem,Trig_Quest_FireGolem_Complete_Actions,udg_TempPoint2,first set is inside an if/loop
Quest_Fountain,Trig_Quest_Fountain_Complete_Actions,udg_TempPoint,first set is inside an if/loop
Quest_KillSetag,Trig_Quest_KillSetag_Ambush_Actions,udg_TempPoint,first set is inside an if/loop
Quest_KillSetag,Trig_Quest_KillSetag_Ambush_Actions,udg_TempPoint2,first set is inside an if/loop
Quest_KillSetag,Trig_Quest_KillSetag_Complete_Actions,udg_TempPoint,first set is inside an if/loop
Quest_OmegaWeapon,QuestOmegaWeapon_Reward_EachPlayer,udg_TempInteger,a called function also uses it (hand-off)
Quest_OmegaWeapon,QuestOmegaWeapon_Reward_EachPlayer,udg_TempPlayer,a called function also uses it (hand-off)
Quest_OreSupplies,Trig_Quest_OreSupplies_Deliver_HasSpareCharges,udg_TempInteger,read before it is set (value comes from outside)
Quest_OreSupplies,Trig_Quest_OreSupplies_Deliver_Actions,udg_TempInteger,a called function also uses it (hand-off)
Quest_Rematch,Trig_Quest_Rematch_Complete_Actions,udg_TempGroup,first set is inside an if/loop
Quest_ScorchedEarth,Trig_Quest_ScorchedEarth_End_Reward_EachPlayer,udg_TempInteger,a called function also uses it (hand-off)
Quest_ScorchedEarth,Trig_Quest_ScorchedEarth_End_Reward_EachPlayer,udg_TempPlayer,a called function also uses it (hand-off)
Quest_ScorchedEarth,Trig_Quest_ScorchedEarth_End_Actions,udg_TempPlayer,a called function also uses it (hand-off)
Quest_SeekDestroy,Trig_Quest_SeekDestroy_Count_Actions,udg_TempPoint3,first set is inside an if/loop
Quest_TowerSummoning,Trig_Quest_TowerSummoning_Start_Actions,udg_TempPoint,first set is inside an if/loop
Quest_TowerSummoning,Trig_Quest_TowerSummoning_Complete_Enum_GrantTowerCredit,udg_TempInteger,a called function also uses it (hand-off)
Quest_TowerSummoning,Trig_Quest_TowerSummoning_Complete_Enum_GrantTowerCredit,udg_TempPlayer,a called function also uses it (hand-off)
Quest_TrialByFire,Trig_Quest_TrialByFire_Countdown_Actions,udg_TempPoint,a called function also uses it (hand-off)
Quest_TrialByFire,Trig_Quest_TrialByFire_Fail_Actions,udg_TempPoint,first set is inside an if/loop
Quest_TrialByFire,Trig_Quest_TrialByFire_Survive_Actions,udg_TempPoint,first set is inside an if/loop
Quest_UltimaWeapon,QuestUltimaWeapon_Reward_EachPlayer,udg_TempInteger,a called function also uses it (hand-off)
Quest_UltimaWeapon,QuestUltimaWeapon_Reward_EachPlayer,udg_TempPlayer,a called function also uses it (hand-off)
Quest_WorldLiberation,Trig_Quest_WorldLiberation_Reward_GrantAchievement,udg_TempInteger,a called function also uses it (hand-off)
Quest_WorldLiberation,Trig_Quest_WorldLiberation_Reward_GrantAchievement,udg_TempPlayer,a called function also uses it (hand-off)
Quest_YoungEngineer,Trig_Quest_YoungEngineer_Ping_Actions,udg_TempPoint,first set is inside an if/loop
Quest_ZodiacAge,Trig_Quest_ZodiacAge_TalonOpensGate_Actions,udg_TempPoint,first set is inside an if/loop
ScorchedEarth,Trig_ScorchedEarth_Barrier_Actions,udg_TempForce,first set is inside an if/loop
Shadow_Hiring,Trig_Shadow_Hire_AddPartyHeroLevel,udg_TempInteger,first set reads the old value
Shadow_Hiring,Trig_Shadow_Hire_IsHeroLevelLower,udg_TempInteger,read before it is set (value comes from outside)
Shadow_Hiring,Trig_Shadow_Hire_TakeLowestHero,udg_TempInteger,a called function also uses it (hand-off)
Shadow_Hiring,Trig_Shadow_Hire_TakeLowestHero,udg_TempPlayer,first set is inside an if/loop
Shadow_Hiring,Trig_Shadow_Hire_AddPoolHeroLevel,udg_TempInteger,first set reads the old value
Shadow_Hiring,Trig_Shadow_Hire_IsFumaMastered,udg_TempInteger,read before it is set (value comes from outside)
Shadow_Hiring,Trig_Shadow_Hire_IsDexterityMastered,udg_TempInteger,read before it is set (value comes from outside)
Shadow_Hiring,Trig_Shadow_Hire_HasDancingDaggers,udg_TempInteger,read before it is set (value comes from outside)
Shadow_Hiring,Trig_Shadow_Hire_HasKatanaForTier,udg_TempInteger,read before it is set (value comes from outside)
Shadow_Hiring,Trig_Shadow_Hire_HasDaggerForTier,udg_TempInteger,read before it is set (value comes from outside)
Shadow_Hiring,Trig_Shadow_Hire_HasHelmetForTier,udg_TempInteger,read before it is set (value comes from outside)
Shadow_Hiring,Trig_Shadow_Hire_HasArmorForTier,udg_TempInteger,read before it is set (value comes from outside)
Shadow_Hiring,Trig_Shadow_Hire_HasPotionForTier,udg_TempInteger,read before it is set (value comes from outside)
Shadow_Hiring,Trig_Shadow_Hire_IsOfferRefused,udg_TempInteger,read before it is set (value comes from outside)
Shadow_Hiring,Trig_Shadow_Hire_Actions,udg_TempForce,first set is inside an if/loop
Shadow_Hiring,Trig_Shadow_Hire_Actions,udg_TempInteger,a called function also uses it (hand-off)
Shadow_Hiring,Trig_Shadow_Hire_Actions,udg_TempPlayer,a called function also uses it (hand-off)
Shadow_Hiring,Trig_Shadow_Hire_Actions,udg_TempPoint,first set is inside an if/loop
Shadow_Lifecycle,Trig_Shadow_Intro_AddPlayerBestLevel,udg_TempInteger,first set reads the old value
Shadow_Lifecycle,Trig_Shadow_Intro_Actions,udg_TempInteger,a called function also uses it (hand-off)
Shadow_Lifecycle,Trig_Shadow_Respawn_IsPlayerLevelHigher,udg_TempInteger,read before it is set (value comes from outside)
Shadow_Lifecycle,Trig_Shadow_Respawn_TakeHighestPlayerLevel,udg_TempInteger,a called function also uses it (hand-off)
Shadow_Lifecycle,Trig_Shadow_Respawn_IsSpawnIndexTooHigh,udg_TempInteger,read before it is set (value comes from outside)
Shadow_Lifecycle,Trig_Shadow_Respawn_AddHeroLevel,udg_TempInteger,first set reads the old value
Shadow_Lifecycle,Trig_Shadow_Respawn_Actions,udg_TempInteger,a called function also uses it (hand-off)
Shemhazai,Trig_Shemhazai_Appears_Actions,udg_TempPoint,first set is inside an if/loop
Shemhazai,Trig_Shemhazai_Phase2_Cuchulainn_Actions,udg_TempPoint,first set is inside an if/loop
Shemhazai,Trig_Shemhazai_Phase2_Cuchulainn_Actions,udg_TempPoint2,first set is inside an if/loop
Shemhazai,Trig_Shemhazai_SoulSplit_IsRealSlot,udg_TempInteger,read before it is set (value comes from outside)
Shemhazai,Trig_Shemhazai_SoulSplit_Actions,udg_TempInteger,a called function also uses it (hand-off)
Shemhazai,Trig_Shemhazai_SoulSplit_Actions,udg_TempPoint2,first set is inside an if/loop
ShinrasPlan,Trig_ShinrasPlan_Complete_Actions,udg_TempPoint,first set is inside an if/loop
SpiritScroll,Trig_SpiritScroll_Cleanse_Actions,udg_TempForce,first set is inside an if/loop
Spring,Trig_Spring_Of_Life_Ritual_Cond_HasJobIndex,udg_TempInteger,read before it is set (value comes from outside)
Spring,Trig_Spring_Of_Life_Ritual_Cond_SpecialTaskPending,udg_TempInteger,read before it is set (value comes from outside)
Spring,Trig_Spring_Of_Life_Ritual_Cond_PromotionPending,udg_TempInteger,read before it is set (value comes from outside)
Spring,Trig_Spring_Of_Life_Ritual_Cond_AllMageJobsMastered,udg_TempPlayer,read before it is set (value comes from outside)
Spring,Trig_Spring_Of_Life_Ritual_Cond_IsMageJob,udg_TempInteger,read before it is set (value comes from outside)
Spring,Trig_Spring_Of_Life_Ritual_Cond_AllWarriorJobsMastered,udg_TempPlayer,read before it is set (value comes from outside)
Spring,Trig_Spring_Of_Life_Ritual_Cond_WarriorMasterUnclaimed,udg_TempPlayer,read before it is set (value comes from outside)
Spring,Trig_Spring_Of_Life_Ritual_Cond_IsWarriorJob,udg_TempInteger,read before it is set (value comes from outside)
Spring,Trig_Spring_Of_Life_Ritual_Cond_AllJobsMastered,udg_TempPlayer,read before it is set (value comes from outside)
Spring,Trig_Spring_Of_Life_Ritual_Cond_RitualReady,udg_TempInteger,read before it is set (value comes from outside)
Spring,Trig_Spring_Of_Life_Ritual_Actions,udg_TempForce,a called function also uses it (hand-off)
Spring,Trig_Spring_Of_Life_Ritual_Actions,udg_TempInteger,a called function also uses it (hand-off)
Spring,Trig_Spring_Of_Life_Ritual_Actions,udg_TempPlayer,a called function also uses it (hand-off)
Spring,Trig_Spring_Of_Life_Ritual_Actions,udg_TempPoint,first set is inside an if/loop
Spring,Trig_Spring_Of_Life_Ritual_Actions,udg_TempPoint2,first set is inside an if/loop
Talk,Trig_Talk_PortalGuardian_Actions,udg_TempPoint,first set is inside an if/loop
TargetPractice,Trig_TargetPractice_Init_Actions,udg_TempPoint,first set is inside an if/loop
TargetPractice,Trig_TargetPractice_Begin_Cond_HeroTooFar,udg_TempPoint,read before it is set (value comes from outside)
TargetPractice,Trig_TargetPractice_Begin_Cond_HeroTooFar,udg_TempPoint2,read before it is set (value comes from outside)
TargetPractice,Trig_TargetPractice_Begin_Actions,udg_TempForce,first set is inside an if/loop
TargetPractice,Trig_TargetPractice_Begin_Actions,udg_TempPoint,a called function also uses it (hand-off)
TargetPractice,Trig_TargetPractice_Begin_Actions,udg_TempPoint2,a called function also uses it (hand-off)
TargetPractice,Trig_TargetPractice_PingTargets_Cond_ManyTargetsInArea,udg_TempGroup,read before it is set (value comes from outside)
TargetPractice,Trig_TargetPractice_PingTargets_Enum_PingTarget,udg_TempForce,read before it is set (value comes from outside)
TargetPractice,Trig_TargetPractice_PingTargets_Actions,udg_TempForce,a called function also uses it (hand-off)
TargetPractice,Trig_TargetPractice_PingTargets_Actions,udg_TempGroup,a called function also uses it (hand-off)
TargetPractice,Trig_TargetPractice_PingTargets_Actions,udg_TempPoint,first set is inside an if/loop
TargetPractice,Trig_TargetPractice_TargetHit_Actions,udg_TempForce,first set is inside an if/loop
Tentacles,Trig_Tentacles_Ambush_Actions,udg_TempPoint2,first set is inside an if/loop
Tentacles,Trig_Tentacles_Yelp_Actions,udg_TempPoint,a called function also uses it (hand-off)
Tiara,Trig_Tiara_Ping_Actions,udg_TempPoint,first set is inside an if/loop
Tower,Trig_Tower_Summon_Register_Actions,udg_TempUnit2,a called function also uses it (hand-off)
Tower,Trig_Tower_Upgrade_Credit_Enum_GrantUpgradeCredit,udg_TempInteger,a called function also uses it (hand-off)
Tower,Trig_Tower_Upgrade_Credit_Enum_GrantUpgradeCredit,udg_TempPlayer,a called function also uses it (hand-off)
TrueIceAge,Trig_TrueIceAge_SpawnBrave_Actions,udg_TempPoint2,read before it is set (value comes from outside)
TrueIceAge,Trig_TrueIceAge_SpawnBrave_Actions,udg_TempReal,read before it is set (value comes from outside)
TrueIceAge,Trig_TrueIceAge_BossIntro_Actions,udg_TempPoint,a called function also uses it (hand-off)
TrueIceAge,Trig_TrueIceAge_BossIntro_Actions,udg_TempReal,a called function also uses it (hand-off)
TrueIceAge,Trig_TrueIceAge_Victory_GrantAwards,udg_TempInteger,a called function also uses it (hand-off)
TrueIceAge,Trig_TrueIceAge_Victory_GrantAwards,udg_TempPlayer,a called function also uses it (hand-off)
TrueIceAge,Trig_TrueIceAge_Victory_Actions,udg_TempPoint,a called function also uses it (hand-off)
Turks,Trig_Turks_Give_Flute_Actions,udg_TempForce,first set is inside an if/loop
Turks,Trig_Turks_Give_Flute_Actions,udg_TempPoint,first set is inside an if/loop
Ultima,Trig_Ultima_Cast_Actions,udg_TempPoint,first set is inside an if/loop
Ultima,Trig_Ultima_Possession_Actions,udg_TempPoint,first set is inside an if/loop
Ultima,Trig_Ultima_Possession_Actions,udg_TempPoint2,first set is inside an if/loop
Ultima,Trig_Ultima_Holyja_DamageTarget,udg_TempPoint,first set is inside an if/loop
Ultima,Trig_Ultima_Holyja_Actions,udg_TempPoint,a called function also uses it (hand-off)
Ultima,Trig_Ultima_Holyja_Actions,udg_TempPoint2,first set is inside an if/loop
Ultros,Trig_Ultros_Spawn_Actions,udg_TempPoint,read before it is set (value comes from outside)
Valigarmanda,Trig_Valigarmanda_Wave_Cleared_Actions,udg_TempPoint,a called function also uses it (hand-off)
Valigarmanda,Trig_Valigarmanda_Wave_Cleared_Actions,udg_TempPoint2,a called function also uses it (hand-off)
Valigarmanda,Trig_Valigarmanda_Wave_Spawn_BossFarFromArena,udg_TempPoint,read before it is set (value comes from outside)
Valigarmanda,Trig_Valigarmanda_Wave_Spawn_BossFarFromArena,udg_TempPoint2,read before it is set (value comes from outside)
Valigarmanda,Trig_Valigarmanda_Wave_Spawn_BossOutOfArena,udg_TempPoint,read before it is set (value comes from outside)
Valigarmanda,Trig_Valigarmanda_Wave_Spawn_BossOutOfArena,udg_TempPoint2,read before it is set (value comes from outside)
Valigarmanda,Trig_Valigarmanda_Wave_Spawn_Actions,udg_TempPoint,a called function also uses it (hand-off)
Valigarmanda,Trig_Valigarmanda_Wave_Spawn_Actions,udg_TempPoint2,a called function also uses it (hand-off)
VoiceOfForest,Trig_VoiceOfForest_PingCrystal_Actions,udg_TempPoint,first set is inside an if/loop
VoiceOfForest,Trig_VoiceOfForest_SummonChaos_SpiritsMissing,udg_TempGroup,read before it is set (value comes from outside)
VoiceOfForest,Trig_VoiceOfForest_SummonChaos_Actions,udg_TempForce,first set is inside an if/loop
VoiceOfForest,Trig_VoiceOfForest_SummonChaos_Actions,udg_TempGroup,a called function also uses it (hand-off)
VoiceOfForest,Trig_VoiceOfForest_SummonChaos_Actions,udg_TempPoint,first set is inside an if/loop
Wanderer,Trig_Wanderer_Spawn_Actions,udg_TempInteger,first set is inside an if/loop
Wanderer,Trig_Wanderer_Spawn_Actions,udg_TempPoint,first set is inside an if/loop
Wanderer,Trig_Wanderer_Give_Item_Actions,udg_TempPoint,first set is inside an if/loop
Zeromus,Trig_Zeromus_Encounter_Cond_AtCenterX,udg_TempPoint,read before it is set (value comes from outside)
Zeromus,Trig_Zeromus_Encounter_Cond_AtCenterX,udg_TempPoint2,read before it is set (value comes from outside)
Zeromus,Trig_Zeromus_Encounter_Cond_AtCenterY,udg_TempPoint,read before it is set (value comes from outside)
Zeromus,Trig_Zeromus_Encounter_Cond_AtCenterY,udg_TempPoint2,read before it is set (value comes from outside)
Zeromus,Trig_Zeromus_Encounter_Cond_ReachedCenter,udg_TempPoint,read before it is set (value comes from outside)
Zeromus,Trig_Zeromus_Encounter_Cond_ReachedCenter,udg_TempPoint2,read before it is set (value comes from outside)
Zeromus,Trig_Zeromus_Encounter_PullUnitToCenter,udg_TempPoint,a called function also uses it (hand-off)
Zeromus,Trig_Zeromus_Encounter_PullUnitToCenter,udg_TempPoint2,a called function also uses it (hand-off)
Zeromus,Trig_Zeromus_Encounter_PullUnitToCenter,udg_TempReal,first set is inside an if/loop
Zeromus,Trig_Zeromus_Encounter_Actions,udg_TempPoint,a called function also uses it (hand-off)
Zeromus,Trig_Zeromus_Death_Actions,udg_TempPlayer,first set is inside an if/loop
Zeromus,Trig_Zeromus_Death_Actions,udg_TempPoint,a called function also uses it (hand-off)
Zeromus,Trig_Zeromus_Death_Actions,udg_TempPoint2,a called function also uses it (hand-off)
Ziegfried,Trig_Ziegfried_Meltdown_Wave1_DamageUnit,udg_TempPoint,first set is inside an if/loop
Ziegfried,Trig_Ziegfried_Meltdown_Actions,udg_TempGroup,first set is inside an if/loop
Ziegfried,Trig_Ziegfried_Meltdown_Actions,udg_TempPoint,a called function also uses it (hand-off)
Ziegfried,Trig_Ziegfried_Meltdown_Actions,udg_TempPoint2,first set is inside an if/loop
Zodiark,Trig_Zodiark_Encounter_Actions,udg_TempPoint,first set is inside an if/loop
Zodiark,Trig_Zodiark_Encounter_Actions,udg_TempPoint2,first set is inside an if/loop
Zodiark,Trig_Zodiark_BanishRay_Actions,udg_TempPoint2,first set is inside an if/loop
Zodiark,Trig_Zodiark_Darkja_DamageTarget,udg_TempPoint,first set is inside an if/loop
Zodiark,Trig_Zodiark_Darkja_Actions,udg_TempPoint,a called function also uses it (hand-off)
Zodiark,Trig_Zodiark_Darkja_Actions,udg_TempPoint2,first set is inside an if/loop
Arena_Access,Trig_Arena_Enter_Region_Actions,udg_TempPoint,first set is inside an if/loop
Arena_BattleResults,Trig_Arena_FoeDeath_CanGrantMastery,udg_TempInteger,read before it is set (value comes from outside)
Arena_BattleResults,Trig_Arena_FoeDeath_GrantQuest54,udg_TempInteger,a called function also uses it (hand-off)
Arena_BattleResults,Trig_Arena_FoeDeath_GrantQuest54,udg_TempPlayer,a called function also uses it (hand-off)
Arena_BattleResults,Trig_Arena_FoeDeath_GrantQuest49,udg_TempInteger,a called function also uses it (hand-off)
Arena_BattleResults,Trig_Arena_FoeDeath_GrantQuest49,udg_TempPlayer,a called function also uses it (hand-off)
Arena_BattleResults,Trig_Arena_FoeDeath_GrantQuest34,udg_TempInteger,a called function also uses it (hand-off)
Arena_BattleResults,Trig_Arena_FoeDeath_GrantQuest34,udg_TempPlayer,a called function also uses it (hand-off)
Arena_BattleResults,Trig_Arena_FoeDeath_GrantQuest28,udg_TempInteger,a called function also uses it (hand-off)
Arena_BattleResults,Trig_Arena_FoeDeath_GrantQuest28,udg_TempPlayer,a called function also uses it (hand-off)
Arena_BattleResults,Trig_Arena_FoeDeath_GrantQuest24,udg_TempInteger,a called function also uses it (hand-off)
Arena_BattleResults,Trig_Arena_FoeDeath_GrantQuest24,udg_TempPlayer,a called function also uses it (hand-off)
Arena_BattleResults,Trig_Arena_FoeDeath_Actions,udg_TempInteger,a called function also uses it (hand-off)
Arena_BattleResults,Trig_Arena_FoeDeath_Actions,udg_TempPoint,first set is inside an if/loop
Arena_BattleResults,Trig_Arena_Abandoned_Reset_Actions,udg_TempGroup,has a computed ExecuteFunc/TriggerExecute
Arena_BattleSetup,Trig_Arena_Start_Cup_HasChocoboInArena,udg_TempGroup,read before it is set (value comes from outside)
Arena_BattleSetup,Trig_Arena_Start_Cup_Actions,udg_TempForce,a called function also uses it (hand-off)
Arena_BattleSetup,Trig_Arena_Start_Cup_Actions,udg_TempGroup,a called function also uses it (hand-off)
Arena_BattleSetup,Trig_Arena_StartBattle_OrderFoeAttack,udg_TempPoint,first set is inside an if/loop
Arena_BattleSetup,Trig_Arena_StartBattle_Actions,udg_TempForce,first set is inside an if/loop
Arena_BattleSetup,Trig_Arena_StartBattle_Actions,udg_TempPoint,a called function also uses it (hand-off)
Arena_Conquest,Trig_Arena_Conquest_IsMaxTier,udg_TempInteger,read before it is set (value comes from outside)
Arena_Conquest,Trig_Arena_Conquest_AlreadyAtTier,udg_TempInteger,read before it is set (value comes from outside)
Arena_Conquest,Trig_Arena_Conquest_IsTier2,udg_TempInteger,read before it is set (value comes from outside)
Arena_Conquest,Trig_Arena_Conquest_ShouldUnlockCups,udg_TempInteger,read before it is set (value comes from outside)
Arena_Conquest,Trig_Arena_Conquest_IsTier3,udg_TempInteger,read before it is set (value comes from outside)
Arena_Conquest,Trig_Arena_Conquest_AwardQuest23,udg_TempInteger,a called function also uses it (hand-off)
Arena_Conquest,Trig_Arena_Conquest_AwardQuest23,udg_TempPlayer,a called function also uses it (hand-off)
Arena_Conquest,Trig_Arena_Conquest_AllTeamsInStock,udg_TempInteger,read before it is set (value comes from outside)
Arena_Conquest,Trig_Arena_Conquest_ShouldUnlockValfodr,udg_TempInteger,read before it is set (value comes from outside)
Arena_Conquest,Trig_Arena_Conquest_ShouldUnlockTeams,udg_TempInteger,read before it is set (value comes from outside)
Arena_Conquest,Trig_Arena_Conquest_Actions,udg_TempForce,a called function also uses it (hand-off)
Arena_Conquest,Trig_Arena_Conquest_Actions,udg_TempInteger,a called function also uses it (hand-off)
Arena_Cups,Trig_Arena_Cup_Won_Actions,udg_TempPoint,a called function also uses it (hand-off)
Arena_Cups,Trig_Arena_UnlockCups_GrantQuest21,udg_TempInteger,a called function also uses it (hand-off)
Arena_Cups,Trig_Arena_UnlockCups_GrantQuest21,udg_TempPlayer,a called function also uses it (hand-off)
Arena_Duel,Trig_Arena_Duel_AI_IsTargetNearSecond,udg_TempPoint,read before it is set (value comes from outside)
Arena_Duel,Trig_Arena_Duel_AI_IsTargetNearSecond,udg_TempPoint2,read before it is set (value comes from outside)
Arena_Duel,Trig_Arena_Duel_AI_IsTargetNearFirst,udg_TempPoint,read before it is set (value comes from outside)
Arena_Duel,Trig_Arena_Duel_AI_IsTargetNearFirst,udg_TempPoint2,read before it is set (value comes from outside)
Arena_Duel,Trig_Arena_Duel_AI_Actions,udg_TempPoint,a called function also uses it (hand-off)
Arena_Duel,Trig_Arena_Duel_AI_Actions,udg_TempPoint2,a called function also uses it (hand-off)
Arena_Duel,Trig_Arena_Duel_AI_Actions,udg_TempReal,first set is inside an if/loop
Arena_Duel,Trig_Arena_Duel_Victory_CanMasterJob,udg_TempInteger,read before it is set (value comes from outside)
Arena_Duel,Trig_Arena_Duel_Victory_Actions,udg_TempInteger,a called function also uses it (hand-off)
Arena_Rewards,Trig_Arena_ExchangeBP_BelowTwoShards,udg_TempInteger,read before it is set (value comes from outside)
Arena_Rewards,Trig_Arena_ExchangeBP_BelowOneShard,udg_TempInteger,read before it is set (value comes from outside)
Arena_Rewards,Trig_Arena_ExchangeBP_HasNoBP,udg_TempInteger,read before it is set (value comes from outside)
Arena_Rewards,Trig_Arena_ExchangeBP_Actions,udg_TempInteger,a called function also uses it (hand-off)
Arena_Rounds,Trig_Arena_Round_Start_GiveAward23,udg_TempInteger,a called function also uses it (hand-off)
Arena_Rounds,Trig_Arena_Round_Start_GiveAward23,udg_TempPlayer,a called function also uses it (hand-off)
Arena_Rounds,Trig_Arena_Round_Start_OrderAttackPlayer,udg_TempPoint,first set is inside an if/loop
Arena_Rounds,Trig_Arena_Round_Start_Actions,udg_TempPoint,a called function also uses it (hand-off)
Arena_Rounds,Trig_Arena_Round_Start_Actions,udg_TempPoint2,a called function also uses it (hand-off)
Arena_Rounds,Trig_Arena_Round_End_CanEarnMastery,udg_TempInteger,read before it is set (value comes from outside)
Arena_Rounds,Trig_Arena_Round_End_GiveAward49,udg_TempInteger,a called function also uses it (hand-off)
Arena_Rounds,Trig_Arena_Round_End_GiveAward49,udg_TempPlayer,a called function also uses it (hand-off)
Arena_Rounds,Trig_Arena_Round_End_GiveAward34,udg_TempInteger,a called function also uses it (hand-off)
Arena_Rounds,Trig_Arena_Round_End_GiveAward34,udg_TempPlayer,a called function also uses it (hand-off)
Arena_Rounds,Trig_Arena_Round_End_GiveAward28,udg_TempInteger,a called function also uses it (hand-off)
Arena_Rounds,Trig_Arena_Round_End_GiveAward28,udg_TempPlayer,a called function also uses it (hand-off)
Arena_Rounds,Trig_Arena_Round_End_GiveAward24,udg_TempInteger,a called function also uses it (hand-off)
Arena_Rounds,Trig_Arena_Round_End_GiveAward24,udg_TempPlayer,a called function also uses it (hand-off)
Arena_Rounds,Trig_Arena_Round_End_Actions,udg_TempInteger,a called function also uses it (hand-off)
Arena_Rounds,Trig_Arena_Round_End_Actions,udg_TempPoint,a called function also uses it (hand-off)
Arena_Rounds,Trig_Arena_Round_End_Actions,udg_TempUnit,a called function also uses it (hand-off)
Arena_Spawning,Trig_Arena_Spawn_Team_Actions,udg_TempPoint2,first set is inside an if/loop
Arena_TeamSelection,Trig_Arena_SyncTeams_GrantQuest22,udg_TempInteger,a called function also uses it (hand-off)
Arena_TeamSelection,Trig_Arena_SyncTeams_GrantQuest22,udg_TempPlayer,a called function also uses it (hand-off)
Arena_TeamSelection,Trig_Arena_SyncTeams_GrantQuest23,udg_TempInteger,a called function also uses it (hand-off)
Arena_TeamSelection,Trig_Arena_SyncTeams_GrantQuest23,udg_TempPlayer,a called function also uses it (hand-off)
Chaos,Trig_Chaos_Recall_Chaosjets_BlinkJetToChaos,udg_TempPoint,read before it is set (value comes from outside)
Chaos,Trig_Chaos_Recall_Chaosjets_Actions,udg_TempPoint,a called function also uses it (hand-off)
CowPortal,Trig_CowPortal_Open_Actions,udg_TempPoint,read before it is set (value comes from outside)
CowPortal,Trig_CowPortal_Spawn_Cows_Actions,udg_TempPoint2,first set is inside an if/loop
ForestSpirit,Trig_ForestSpirit_Wander_SpiritAtTarget,udg_TempPoint,read before it is set (value comes from outside)
ForestSpirit,Trig_ForestSpirit_Wander_Actions,udg_TempPoint,a called function also uses it (hand-off)
ForestSpirit,Trig_ForestSpirit_Flee_SpiritIsCalm,udg_TempInteger,read before it is set (value comes from outside)
ForestSpirit,Trig_ForestSpirit_Flee_Actions,udg_TempInteger,a called function also uses it (hand-off)
ForestSpirit,Trig_ForestSpirit_Flee_Actions,udg_TempPoint,first set is inside an if/loop
HuntFestival,Trig_HuntFestival_Score_Actions,udg_TempPlayer,first set is inside an if/loop
HuntFestival,Trig_HuntFestival_End_GrantScoreAchievement,udg_TempInteger,a called function also uses it (hand-off)
HuntFestival,Trig_HuntFestival_End_GrantScoreAchievement,udg_TempPlayer,a called function also uses it (hand-off)
Hunt_Contracts,Trig_Hunt_Accept_IsHuntBoard,udg_TempInteger,read before it is set (value comes from outside)
Hunt_Contracts,Trig_Hunt_Accept_IsNotHunt22,udg_TempInteger,read before it is set (value comes from outside)
Hunt_Contracts,Trig_Hunt_Accept_HasHuntTrigger,udg_TempInteger,read before it is set (value comes from outside)
Hunt_Contracts,Trig_Hunt_Accept_Actions,udg_TempForce,has a computed ExecuteFunc/TriggerExecute
Hunt_Contracts,Trig_Hunt_Accept_Actions,udg_TempInteger,has a computed ExecuteFunc/TriggerExecute
Hunt_Contracts,Trig_Hunt_Accept_Actions,udg_TempPlayer,has a computed ExecuteFunc/TriggerExecute
Hunt_Contracts,Trig_Hunt_Accept_Actions,udg_TempPoint,has a computed ExecuteFunc/TriggerExecute
Hunt_Contracts,Trig_Hunt_Complete_Actions,udg_TempPoint,first set is inside an if/loop
Hunt_Encounters,Trig_Hunt_Thextera_Escort_Actions,udg_TempPoint,read before it is set (value comes from outside)
Hunt_Encounters,Trig_Hunt_Parvati_Setup_Actions,udg_TempPoint,read before it is set (value comes from outside)
Hunt_Rewards,Trig_Hunt_Shard_Drop_Actions,udg_TempPoint,first set is inside an if/loop
Hunt_Shop,Trig_Hunt_Shop_Unlock_HasNewStock,udg_TempInteger,read before it is set (value comes from outside)
Hunt_Shop,Trig_Hunt_Shop_Unlock_AllStockUnlocked,udg_TempInteger,read before it is set (value comes from outside)
Hunt_Shop,Trig_Hunt_Shop_Unlock_Actions,udg_TempInteger,a called function also uses it (hand-off)
MagicUrn,Trig_MagicUrn_Open_Actions,udg_TempForce,first set is inside an if/loop
Nightmare,Trig_Nightmare_Spawn_Cond_ZoneIndexTaken,udg_TempInteger,read before it is set (value comes from outside)
Nightmare,Trig_Nightmare_Spawn_Cond_PlayerTooClose,udg_TempPoint,read before it is set (value comes from outside)
Nightmare,Trig_Nightmare_Spawn_Cond_PlayerTooClose,udg_TempPoint2,read before it is set (value comes from outside)
Nightmare,Trig_Nightmare_Spawn_Enum_AvoidPlayerZone,udg_TempPoint,a called function also uses it (hand-off)
Nightmare,Trig_Nightmare_Spawn_Enum_AvoidPlayerZone,udg_TempPoint2,a called function also uses it (hand-off)
Nightmare,Trig_Nightmare_Spawn_Actions,udg_TempInteger,a called function also uses it (hand-off)
Nightmare,Trig_Nightmare_Spawn_Actions,udg_TempPoint,a called function also uses it (hand-off)
Nightmare,Trig_Nightmare_Spawn_Actions,udg_TempPoint2,a called function also uses it (hand-off)
Oversoul,Trig_Oversoul_OnMonsterDeath_Actions,udg_TempPoint3,first set is inside an if/loop
Oversoul,Trig_Oversoul_Activate_Cond_OversoulReady,udg_TempInteger,read before it is set (value comes from outside)
Oversoul,Trig_Oversoul_Activate_Actions,udg_TempInteger,a called function also uses it (hand-off)
Oversoul,Trig_Oversoul_Activate_Actions,udg_TempPoint,first set is inside an if/loop
SkeletalDefense,Trig_SkeletalDefense_Spawn_Cond_UnderSkeletonCap,udg_TempGroup,read before it is set (value comes from outside)
SkeletalDefense,Trig_SkeletalDefense_Spawn_Actions,udg_TempGroup,a called function also uses it (hand-off)
Spawn,Trig_Spawn_Gafgarion_Actions,udg_TempPoint,read before it is set (value comes from outside)
Wave,Trig_Wave_Fist_IsCritical,udg_TempBoolean,read before it is set (value comes from outside)
Wave,Trig_Wave_Fist_Actions,udg_TempBoolean,a called function also uses it (hand-off)
Cam,Trig_Cam_Command_Cond_DistanceInRange,udg_TempInteger2,read before it is set (value comes from outside)
Cam,Trig_Cam_Command_Actions,udg_TempInteger2,a called function also uses it (hand-off)
Cine,Trig_Cine_StoneBreaks_Actions,udg_TempPoint,first set is inside an if/loop
Cine,Trig_Cine_StoneBreaks_Actions,udg_TempPoint2,first set is inside an if/loop
Cine,Trig_Cine_ScryingVision_OrderGhostMove,udg_TempPoint,read before it is set (value comes from outside)
Cine,Trig_Cine_ScryingVision_Actions,udg_TempGroup,first set is inside an if/loop
Cine,Trig_Cine_ScryingVision_Actions,udg_TempPoint,a called function also uses it (hand-off)
Cine,Trig_Cine_ScryingVision_Actions,udg_TempPoint2,first set is inside an if/loop
Cine,Trig_Cine_Belias_Gafgarion_Actions,udg_TempPoint,a called function also uses it (hand-off)
Cine,Trig_Cine_StoneBreaks_Alt_Actions,udg_TempPoint,first set is inside an if/loop
Cine,Trig_Cine_StoneBreaks_Alt_Actions,udg_TempPoint2,first set is inside an if/loop
Gate,Trig_Gate_Codeword_Demesne_Actions,udg_TempPoint,first set is inside an if/loop
Gate,Trig_Gate_WinterKey_Unlock_Actions,udg_TempForce,first set is inside an if/loop
Zone8,Trig_Zone8_Heal_Assist_FoundHealer,udg_TempGroup,read before it is set (value comes from outside)
Zone8,Trig_Zone8_Heal_Assist_Actions,udg_TempGroup,a called function also uses it (hand-off)
Chocobo_Bribing,Trig_Chocobo_Bribe_HasEnoughGold,udg_TempInteger2,read before it is set (value comes from outside)
Chocobo_Bribing,Trig_Chocobo_Bribe_HasBribeItem,udg_TempInteger,read before it is set (value comes from outside)
Chocobo_Bribing,Trig_Chocobo_Bribe_Actions,udg_TempForce,first set is inside an if/loop
Chocobo_Bribing,Trig_Chocobo_Bribe_Actions,udg_TempInteger,a called function also uses it (hand-off)
Chocobo_Bribing,Trig_Chocobo_Bribe_Actions,udg_TempInteger2,a called function also uses it (hand-off)
Chocobo_Bribing,Trig_Chocobo_Bribe_Actions,udg_TempPoint,first set is inside an if/loop
Chocobo_Digging,Trig_Chocobo_DeadPepper_Dig_IsWithin1024OfSpot,udg_TempPoint,read before it is set (value comes from outside)
Chocobo_Digging,Trig_Chocobo_DeadPepper_Dig_IsWithin512OfSpot,udg_TempPoint,read before it is set (value comes from outside)
Chocobo_Digging,Trig_Chocobo_DeadPepper_Dig_IsOnDigSpot,udg_TempPoint,read before it is set (value comes from outside)
Chocobo_Digging,Trig_Chocobo_DeadPepper_Dig_Actions,udg_TempInteger,first set is inside an if/loop
Chocobo_Digging,Trig_Chocobo_DeadPepper_Dig_Actions,udg_TempPoint,a called function also uses it (hand-off)
Chocobo_Digging,Trig_Chocobo_DigSpot_Nearest_IsNearMapCenter,udg_TempPoint,read before it is set (value comes from outside)
Chocobo_Digging,Trig_Chocobo_DigSpot_Nearest_IsSpotCloser,udg_TempPoint,read before it is set (value comes from outside)
Chocobo_Digging,Trig_Chocobo_DigSpot_Nearest_IsSecretSpotCloser,udg_TempPoint,read before it is set (value comes from outside)
Chocobo_Population,Trig_Chocobo_Spawn_Periodic_Actions,udg_TempPoint,first set is inside an if/loop
Chocobo_Taming,Trig_Chocobo_Tame_Limit_HasMaxChocobos,udg_TempGroup,read before it is set (value comes from outside)
Chocobo_Taming,Trig_Chocobo_Tame_Limit_Actions,udg_TempForce,first set is inside an if/loop
Chocobo_Taming,Trig_Chocobo_Tame_Limit_Actions,udg_TempGroup,a called function also uses it (hand-off)
Chocobo_Taming,Trig_Chocobo_Tame_Breed_IsChocoboTooHighLevel,udg_TempInteger,read before it is set (value comes from outside)
Chocobo_Taming,Trig_Chocobo_Tame_Breed_TameRollSucceeds,udg_TempInteger,read before it is set (value comes from outside)
Chocobo_Taming,Trig_Chocobo_Tame_Breed_NoPartnerFound,udg_TempGroup,read before it is set (value comes from outside)
Chocobo_Taming,Trig_Chocobo_Tame_Breed_Actions,udg_TempGroup,a called function also uses it (hand-off)
Chocobo_Taming,Trig_Chocobo_Tame_Breed_Actions,udg_TempInteger,a called function also uses it (hand-off)
Chocobo_Taming,Trig_Chocobo_Tame_Breed_Actions,udg_TempPoint,first set is inside an if/loop
Chocobo_Upgrades,Trig_Chocobo_Defend_Upgrade_Actions,udg_TempForce,first set is inside an if/loop
Chocobo_WildBehavior,Trig_Chocobo_Wild_AI_HasNearbyAllies,udg_TempGroup,read before it is set (value comes from outside)
Chocobo_WildBehavior,Trig_Chocobo_Wild_AI_HasNearbyAlliesAgain,udg_TempGroup,read before it is set (value comes from outside)
Chocobo_WildBehavior,Trig_Chocobo_Wild_AI_HasNearbyEnemies,udg_TempGroup,read before it is set (value comes from outside)
Chocobo_WildBehavior,Trig_Chocobo_Wild_AI_RunChocoboAI,udg_TempGroup,a called function also uses it (hand-off)
Chocobo_WildBehavior,Trig_Chocobo_Wild_AI_RunChocoboAI,udg_TempPoint,first set is inside an if/loop
Cmd,Trig_Cmd_Load_Code_LoadArmory,udg_TempPlayer,a called function also uses it (hand-off)
Cmd,Trig_Cmd_Load_Code_LoadCodeV3,udg_TempPlayer,a called function also uses it (hand-off)
Cmd,Trig_Cmd_Load_Code_LoadCodeV2,udg_TempPlayer,a called function also uses it (hand-off)
Fishing_Casting,Trig_Fishing_Cast_IsPlayerFishing,udg_TempInteger,read before it is set (value comes from outside)
Fishing_Casting,Trig_Fishing_Cast_HasSpotNear,udg_TempGroup,read before it is set (value comes from outside)
Fishing_Casting,Trig_Fishing_Cast_NoSpotNear,udg_TempGroup,read before it is set (value comes from outside)
Fishing_Casting,Trig_Fishing_Cast_IsNebraKingSpot,udg_TempInteger,read before it is set (value comes from outside)
Fishing_Casting,Trig_Fishing_Cast_IsDeepestSpot,udg_TempInteger,read before it is set (value comes from outside)
Fishing_Casting,Trig_Fishing_Cast_IsRareTier,udg_TempInteger,read before it is set (value comes from outside)
Fishing_Casting,Trig_Fishing_Cast_IsCommonTier,udg_TempInteger,read before it is set (value comes from outside)
Fishing_Casting,Trig_Fishing_Cast_GilgameshBlocked,udg_TempInteger,read before it is set (value comes from outside)
Fishing_Casting,Trig_Fishing_Cast_Actions,udg_TempGroup,a called function also uses it (hand-off)
Fishing_Casting,Trig_Fishing_Cast_Actions,udg_TempInteger,a called function also uses it (hand-off)
Fishing_Casting,Trig_Fishing_Cast_Actions,udg_TempReal,first set is inside an if/loop
Fishing_ReelingAndCatch,Trig_Fishing_Tick_StateLost,udg_TempInteger,read before it is set (value comes from outside)
Fishing_ReelingAndCatch,Trig_Fishing_Tick_StateHooked,udg_TempInteger,read before it is set (value comes from outside)
Fishing_ReelingAndCatch,Trig_Fishing_Tick_StateWaiting,udg_TempInteger,read before it is set (value comes from outside)
Fishing_ReelingAndCatch,Trig_Fishing_Tick_IsRandomDirSpot,udg_TempInteger,read before it is set (value comes from outside)
Fishing_ReelingAndCatch,Trig_Fishing_Tick_FacingSouth,udg_TempReal,read before it is set (value comes from outside)
Fishing_ReelingAndCatch,Trig_Fishing_Tick_FacingWest,udg_TempReal,read before it is set (value comes from outside)
Fishing_ReelingAndCatch,Trig_Fishing_Tick_FacingNorth,udg_TempReal,read before it is set (value comes from outside)
Fishing_ReelingAndCatch,Trig_Fishing_Tick_FacingEast,udg_TempReal,read before it is set (value comes from outside)
Fishing_ReelingAndCatch,Trig_Fishing_Tick_StateCasting,udg_TempInteger,read before it is set (value comes from outside)
Fishing_ReelingAndCatch,Trig_Fishing_Tick_Actions,udg_TempForce,first set is inside an if/loop
Fishing_ReelingAndCatch,Trig_Fishing_Tick_Actions,udg_TempInteger,a called function also uses it (hand-off)
Fishing_ReelingAndCatch,Trig_Fishing_Tick_Actions,udg_TempPoint,first set is inside an if/loop
Fishing_ReelingAndCatch,Trig_Fishing_Tick_Actions,udg_TempReal,a called function also uses it (hand-off)
Fishing_ReelingAndCatch,Trig_Fishing_Input_IsSideInput,udg_TempInteger,read before it is set (value comes from outside)
Fishing_ReelingAndCatch,Trig_Fishing_Input_IsLeftCorrect,udg_TempInteger,read before it is set (value comes from outside)
Fishing_ReelingAndCatch,Trig_Fishing_Input_IsRightCorrect,udg_TempInteger,read before it is set (value comes from outside)
Fishing_ReelingAndCatch,Trig_Fishing_Input_IsFishInReach,udg_TempInteger,read before it is set (value comes from outside)
Fishing_ReelingAndCatch,Trig_Fishing_Input_IsFishInReach,udg_TempPoint,read before it is set (value comes from outside)
Fishing_ReelingAndCatch,Trig_Fishing_Input_IsFishInReach,udg_TempReal,read before it is set (value comes from outside)
Fishing_ReelingAndCatch,Trig_Fishing_Input_IsHookedStage,udg_TempInteger,read before it is set (value comes from outside)
Fishing_ReelingAndCatch,Trig_Fishing_Input_IsFightStage,udg_TempInteger,read before it is set (value comes from outside)
Fishing_ReelingAndCatch,Trig_Fishing_Input_IsSlackInput,udg_TempInteger,read before it is set (value comes from outside)
Fishing_ReelingAndCatch,Trig_Fishing_Input_IsFishAtHand,udg_TempInteger,read before it is set (value comes from outside)
Fishing_ReelingAndCatch,Trig_Fishing_Input_IsFishAtHand,udg_TempPoint,read before it is set (value comes from outside)
Fishing_ReelingAndCatch,Trig_Fishing_Input_IsStageFour,udg_TempInteger,read before it is set (value comes from outside)
Fishing_ReelingAndCatch,Trig_Fishing_Input_IsStageThree,udg_TempInteger,read before it is set (value comes from outside)
Fishing_ReelingAndCatch,Trig_Fishing_Input_IsPullInput,udg_TempInteger,read before it is set (value comes from outside)
Fishing_ReelingAndCatch,Trig_Fishing_Input_IsTooEarly,udg_TempInteger,read before it is set (value comes from outside)
Fishing_ReelingAndCatch,Trig_Fishing_Input_Actions,udg_TempInteger,a called function also uses it (hand-off)
Fishing_ReelingAndCatch,Trig_Fishing_Input_Actions,udg_TempPoint,a called function also uses it (hand-off)
Fishing_ReelingAndCatch,Trig_Fishing_Input_Actions,udg_TempReal,a called function also uses it (hand-off)
Fishing_ReelingAndCatch,Trig_Fishing_Catch_NebraKingAlreadyCaught,udg_TempInteger,read before it is set (value comes from outside)
Fishing_ReelingAndCatch,Trig_Fishing_Catch_GilgameshUnavailable,udg_TempInteger,read before it is set (value comes from outside)
Fishing_ReelingAndCatch,Trig_Fishing_Catch_Actions,udg_TempInteger,a called function also uses it (hand-off)
Fishing_ReelingAndCatch,Trig_Fishing_End_SeaKingQuestReady,udg_TempInteger,read before it is set (value comes from outside)
Fishing_ReelingAndCatch,Trig_Fishing_End_AnyPlayerFishing,udg_TempInteger,read before it is set (value comes from outside)
Fishing_ReelingAndCatch,Trig_Fishing_End_Actions,udg_TempInteger,a called function also uses it (hand-off)
GameLoad,Trig_GameLoad_RestoreTitles_HasTitle_Enum,udg_TempInteger,read before it is set (value comes from outside)
GameLoad,Trig_GameLoad_RestoreTitles_RestoreChronicleLevels,udg_TempInteger,a called function also uses it (hand-off)
GameMode,Trig_GameMode_Apply_Actions,udg_TempGroup,first set is inside an if/loop
Gold,Trig_Gold_Pickup_GiveShare,udg_TempItemId,read before it is set (value comes from outside)
Gold,Trig_Gold_Pickup_Actions,udg_TempItemId,a called function also uses it (hand-off)
Ping,Trig_Ping_ArenaTarget_IsTargetHidden,udg_TempPoint,read before it is set (value comes from outside)
Ping,Trig_Ping_ArenaTarget_Actions,udg_TempPoint,a called function also uses it (hand-off)
Ping,Trig_Ping_EyeOfJenova_Actions,udg_TempPoint,first set is inside an if/loop
Player,Trig_Player_Init_Actions,udg_TempGroup,first set is inside an if/loop
Player,Trig_Player_Leaves_Game_RemoveLeaverItems,udg_TempForce,first set is inside an if/loop
Player,Trig_Player_Leaves_Game_Actions,udg_TempPoint,first set is inside an if/loop
PlayerTimer1,Trig_PlayerTimer1_Expire_Actions,udg_TempInteger,a called function also uses it (hand-off)
PlayerTimer2,Trig_PlayerTimer2_Expire_Actions,udg_TempInteger,a called function also uses it (hand-off)
PlayerTimer3,Trig_PlayerTimer3_Expire_Actions,udg_TempInteger,a called function also uses it (hand-off)
PlayerTimer4,Trig_PlayerTimer4_Expire_Actions,udg_TempInteger,a called function also uses it (hand-off)
PlayerTimer5,Trig_PlayerTimer5_Expire_Actions,udg_TempInteger,a called function also uses it (hand-off)
PlayerTimer6,Trig_PlayerTimer6_Expire_Actions,udg_TempInteger,a called function also uses it (hand-off)
PlayerTimer7,Trig_PlayerTimer7_Expire_Actions,udg_TempInteger,a called function also uses it (hand-off)
PlayerTimer8,Trig_PlayerTimer8_Expire_Actions,udg_TempInteger,a called function also uses it (hand-off)
Speedrun,Trig_Speedrun_Announce_Actions,udg_TempForce,first set is inside an if/loop
Speedrun,Trig_Speedrun_Accolade_Actions,udg_TempString,first set is inside an if/loop
Speedrun,Trig_Speedrun_Record_AwardRank,udg_TempInteger,a called function also uses it (hand-off)
Speedrun,Trig_Speedrun_Record_AwardRank,udg_TempPlayer,a called function also uses it (hand-off)
Title,Trig_Title_Grant_Title_NotOwned,udg_TempInteger,read before it is set (value comes from outside)
Title,Trig_Title_Grant_Title_NotOwned,udg_TempPlayer,read before it is set (value comes from outside)
Title,Trig_Title_Grant_Actions,udg_TempForce,a called function also uses it (hand-off)
Title,Trig_Title_Grant_Actions,udg_TempInteger,a called function also uses it (hand-off)
Title,Trig_Title_Grant_Actions,udg_TempPlayer,a called function also uses it (hand-off)
Title,Trig_Title_UnlockEffects_Has_RumoredAdventurerTitle,udg_TempPlayer,read before it is set (value comes from outside)
Title,Trig_Title_UnlockEffects_IsTitle_GayaApprentice,udg_TempInteger,read before it is set (value comes from outside)
Title,Trig_Title_UnlockEffects_IsTitle_GayaHero,udg_TempInteger,read before it is set (value comes from outside)
Title,Trig_Title_UnlockEffects_IsTitle_Master,udg_TempInteger,read before it is set (value comes from outside)
Title,Trig_Title_UnlockEffects_NGPlus_NotDoubled,udg_TempPlayer,read before it is set (value comes from outside)
Title,Trig_Title_UnlockEffects_LoadedDifficulty_Is2,udg_TempPlayer,read before it is set (value comes from outside)
Title,Trig_Title_UnlockEffects_LoadedDifficulty_IsSimple,udg_TempPlayer,read before it is set (value comes from outside)
Title,Trig_Title_UnlockEffects_NGPlus_Allowed,udg_TempPlayer,read before it is set (value comes from outside)
Title,Trig_Title_UnlockEffects_IsTitle_HighGuardian,udg_TempInteger,read before it is set (value comes from outside)
Title,Trig_Title_UnlockEffects_IsTitle_Lightbringer,udg_TempInteger,read before it is set (value comes from outside)
Title,Trig_Title_UnlockEffects_IsTitle_LucifersGeneral,udg_TempInteger,read before it is set (value comes from outside)
Title,Trig_Title_UnlockEffects_IsTitle_LucifersGeneral,udg_TempPlayer,read before it is set (value comes from outside)
Title,Trig_Title_UnlockEffects_IsTitle_Weaponsmith,udg_TempInteger,read before it is set (value comes from outside)
Title,Trig_Title_UnlockEffects_Has_GayaApprenticeTitle,udg_TempPlayer,read before it is set (value comes from outside)
Title,Trig_Title_UnlockEffects_IsTitle_RumoredAdventurer,udg_TempInteger,read before it is set (value comes from outside)
Title,Trig_Title_UnlockEffects_IsTitle_WarriorOfLegend,udg_TempInteger,read before it is set (value comes from outside)
Title,Trig_Title_UnlockEffects_Has_UltimateMageTitle,udg_TempPlayer,read before it is set (value comes from outside)
Title,Trig_Title_UnlockEffects_IsTitle_UltimateWarrior,udg_TempInteger,read before it is set (value comes from outside)
Title,Trig_Title_UnlockEffects_IsTitle_MageOfLegend,udg_TempInteger,read before it is set (value comes from outside)
Title,Trig_Title_UnlockEffects_Has_UltimateWarriorTitle,udg_TempPlayer,read before it is set (value comes from outside)
Title,Trig_Title_UnlockEffects_IsTitle_UltimateMage,udg_TempInteger,read before it is set (value comes from outside)
Title,Trig_Title_UnlockEffects_IsTitle_LegendaryGuardian,udg_TempInteger,read before it is set (value comes from outside)
Title,Trig_Title_UnlockEffects_IsTitle_GayaMaster,udg_TempInteger,read before it is set (value comes from outside)
Title,Trig_Title_UnlockEffects_IsTitle_MasterChef,udg_TempInteger,read before it is set (value comes from outside)
Title,Trig_Title_UnlockEffects_Actions,udg_TempForce,first set is inside an if/loop
Title,Trig_Title_UnlockEffects_Actions,udg_TempPlayer,a called function also uses it (hand-off)
Title,Trig_Title_ApplyStats_Conditions,udg_TempPlayer,read before it is set (value comes from outside)
Title,Trig_Title_ApplyStats_Title_PrimaryOnly,udg_TempInteger,read before it is set (value comes from outside)
Title,Trig_Title_ApplyStats_IsArmsTitle_Inner,udg_TempInteger,read before it is set (value comes from outside)
Title,Trig_Title_ApplyStats_Title_GivesStats,udg_TempInteger,read before it is set (value comes from outside)
Title,Trig_Title_ApplyStats_IsIntTitle_Inner,udg_TempInteger,read before it is set (value comes from outside)
Title,Trig_Title_ApplyStats_IsGenericTitle,udg_TempInteger,read before it is set (value comes from outside)
Title,Trig_Title_ApplyStats_Actions,udg_TempInteger,a called function also uses it (hand-off)
Title,Trig_Title_ApplyStats_Actions,udg_TempPlayer,read before it is set (value comes from outside)
Title,Trig_Title_ArmsCollection_Conditions,udg_TempPlayer,read before it is set (value comes from outside)
Title,Trig_Title_ArmsCollection_Item_NewOnHero,udg_TempPlayer,read before it is set (value comes from outside)
Title,Trig_Title_ArmsCollection_Item_NewOnSpirit,udg_TempPlayer,read before it is set (value comes from outside)
Title,Trig_Title_ArmsCollection_Item_NewOnExtraUnit,udg_TempPlayer,read before it is set (value comes from outside)
Title,Trig_Title_ArmsCollection_Arms_ItemMissing,udg_TempInteger,read before it is set (value comes from outside)
Title,Trig_Title_ArmsCollection_Arms_ItemMissing,udg_TempPlayer,read before it is set (value comes from outside)
Title,Trig_Title_ArmsCollection_ArmsCount_250,udg_TempPlayer,read before it is set (value comes from outside)
Title,Trig_Title_ArmsCollection_ArmsCount_200,udg_TempPlayer,read before it is set (value comes from outside)
Title,Trig_Title_ArmsCollection_ArmsCount_150,udg_TempPlayer,read before it is set (value comes from outside)
Title,Trig_Title_ArmsCollection_ArmsCount_100,udg_TempPlayer,read before it is set (value comes from outside)
Title,Trig_Title_ArmsCollection_ArmsCount_50,udg_TempPlayer,read before it is set (value comes from outside)
Title,Trig_Title_ArmsCollection_HasArmsTitle_Low,udg_TempInteger,read before it is set (value comes from outside)
Title,Trig_Title_ArmsCollection_HasArmsTitle_Low,udg_TempPlayer,read before it is set (value comes from outside)
Title,Trig_Title_ArmsCollection_HasArmsTitle_High,udg_TempInteger,read before it is set (value comes from outside)
Title,Trig_Title_ArmsCollection_HasArmsTitle_High,udg_TempPlayer,read before it is set (value comes from outside)
Title,Trig_Title_ArmsCollection_HasArmsSetPiece,udg_TempInteger,read before it is set (value comes from outside)
Title,Trig_Title_ArmsCollection_HasArmsSetPiece,udg_TempPlayer,read before it is set (value comes from outside)
Title,Trig_Title_ArmsCollection_Actions,udg_TempInteger,a called function also uses it (hand-off)
Title,Trig_Title_ArmsCollection_Actions,udg_TempPlayer,a called function also uses it (hand-off)
Title,Trig_Title_JuniorAdventurer_GrantJuniorAdventurer,udg_TempInteger,a called function also uses it (hand-off)
Title,Trig_Title_JuniorAdventurer_GrantJuniorAdventurer,udg_TempPlayer,a called function also uses it (hand-off)
Title,Trig_Title_RumoredAdventurer_GrantRumoredAdventurer,udg_TempInteger,a called function also uses it (hand-off)
Title,Trig_Title_RumoredAdventurer_GrantRumoredAdventurer,udg_TempPlayer,a called function also uses it (hand-off)
Title,Trig_Title_SeniorAdventurer_GrantSeniorAdventurer,udg_TempInteger,a called function also uses it (hand-off)
Title,Trig_Title_SeniorAdventurer_GrantSeniorAdventurer,udg_TempPlayer,a called function also uses it (hand-off)
Title,Trig_Title_HeroicSpirit_GrantHeroicSpirit,udg_TempInteger,a called function also uses it (hand-off)
Title,Trig_Title_HeroicSpirit_GrantHeroicSpirit,udg_TempPlayer,a called function also uses it (hand-off)
Titles,Trig_Titles_CheckAll_Wargod_Met,udg_TempPlayer,read before it is set (value comes from outside)
Titles,Trig_Titles_CheckAll_Warchief_Met,udg_TempPlayer,read before it is set (value comes from outside)
Titles,Trig_Titles_CheckAll_Warlord_Met,udg_TempPlayer,read before it is set (value comes from outside)
Titles,Trig_Titles_CheckAll_MageMaster_Met,udg_TempPlayer,read before it is set (value comes from outside)
Titles,Trig_Titles_CheckAll_Sage_Met,udg_TempPlayer,read before it is set (value comes from outside)
Titles,Trig_Titles_CheckAll_Magus_Met,udg_TempPlayer,read before it is set (value comes from outside)
Titles,Trig_Titles_CheckAll_GayaChampion_Met,udg_TempPlayer,read before it is set (value comes from outside)
Titles,Trig_Titles_CheckAll_GayaHero_Met,udg_TempPlayer,read before it is set (value comes from outside)
Titles,Trig_Titles_CheckAll_GayaApprentice_Met,udg_TempPlayer,read before it is set (value comes from outside)
Titles,Trig_Titles_CheckAll_GayaMaster_Met,udg_TempPlayer,read before it is set (value comes from outside)
Titles,Trig_Titles_CheckAll_HighGuardian_Met,udg_TempPlayer,read before it is set (value comes from outside)
Titles,Trig_Titles_CheckAll_Grindmaster_Met,udg_TempPlayer,read before it is set (value comes from outside)
Titles,Trig_Titles_CheckAll_Grandmaster_Met,udg_TempPlayer,read before it is set (value comes from outside)
Titles,Trig_Titles_CheckAll_AnyPhysJobAt100_Inner,udg_TempPlayer,read before it is set (value comes from outside)
Titles,Trig_Titles_CheckAll_UltimateWarrior_Met,udg_TempPlayer,read before it is set (value comes from outside)
Titles,Trig_Titles_CheckAll_Squire_At100,udg_TempPlayer,read before it is set (value comes from outside)
Titles,Trig_Titles_CheckAll_AnyMageJobAt100_Inner,udg_TempPlayer,read before it is set (value comes from outside)
Titles,Trig_Titles_CheckAll_UltimateMage_Met,udg_TempPlayer,read before it is set (value comes from outside)
Titles,Trig_Titles_CheckAll_Chemist_At100,udg_TempPlayer,read before it is set (value comes from outside)
Titles,Trig_Titles_CheckAll_LegendaryGuardian_Met,udg_TempPlayer,read before it is set (value comes from outside)
Titles,Trig_Titles_CheckAll_AllJobsAt100,udg_TempPlayer,read before it is set (value comes from outside)
Titles,Trig_Titles_CheckAll_UltimateMaster_Met,udg_TempPlayer,read before it is set (value comes from outside)
Titles,Trig_Titles_CheckAll_Master_Met,udg_TempPlayer,read before it is set (value comes from outside)
Titles,Trig_Titles_CheckAll_AnyWeaponUpgradeAt10,udg_TempPlayer,read before it is set (value comes from outside)
Titles,Trig_Titles_CheckAll_Endless_Applies,udg_TempPlayer,read before it is set (value comes from outside)
Titles,Trig_Titles_CheckAll_HasSpeedrunClears,udg_TempPlayer,read before it is set (value comes from outside)
Titles,Trig_Titles_CheckAll_HasTitle_Low,udg_TempInteger,read before it is set (value comes from outside)
Titles,Trig_Titles_CheckAll_HasTitle_Low,udg_TempPlayer,read before it is set (value comes from outside)
Titles,Trig_Titles_CheckAll_HasTitle_High,udg_TempInteger,read before it is set (value comes from outside)
Titles,Trig_Titles_CheckAll_HasTitle_High,udg_TempPlayer,read before it is set (value comes from outside)
Titles,Trig_Titles_CheckAll_Actions,udg_TempInteger,a called function also uses it (hand-off)
Titles,Trig_Titles_CheckAll_Actions,udg_TempPlayer,a called function also uses it (hand-off)
Titles,Trig_Titles_CheckBasic_Warlord_Ready,udg_TempPlayer,read before it is set (value comes from outside)
Titles,Trig_Titles_CheckBasic_Warchief_Ready,udg_TempPlayer,read before it is set (value comes from outside)
Titles,Trig_Titles_CheckBasic_Wargod_Ready,udg_TempPlayer,read before it is set (value comes from outside)
Titles,Trig_Titles_CheckBasic_Magus_Ready,udg_TempPlayer,read before it is set (value comes from outside)
Titles,Trig_Titles_CheckBasic_Sage_Ready,udg_TempPlayer,read before it is set (value comes from outside)
Titles,Trig_Titles_CheckBasic_MageMaster_Ready,udg_TempPlayer,read before it is set (value comes from outside)
Titles,Trig_Titles_CheckBasic_GayaApprentice_Ready,udg_TempPlayer,read before it is set (value comes from outside)
Titles,Trig_Titles_CheckBasic_GayaHero_Ready,udg_TempPlayer,read before it is set (value comes from outside)
Titles,Trig_Titles_CheckBasic_GayaChampion_Ready,udg_TempPlayer,read before it is set (value comes from outside)
Titles,Trig_Titles_CheckBasic_Master_Ready,udg_TempPlayer,read before it is set (value comes from outside)
Titles,Trig_Titles_CheckBasic_UltimateMaster_Ready,udg_TempPlayer,read before it is set (value comes from outside)
Titles,Trig_Titles_CheckBasic_Grandmaster_Ready,udg_TempPlayer,read before it is set (value comes from outside)
Titles,Trig_Titles_CheckBasic_Grindmaster_Ready,udg_TempPlayer,read before it is set (value comes from outside)
Titles,Trig_Titles_CheckBasic_HighGuardian_Ready,udg_TempPlayer,read before it is set (value comes from outside)
Titles,Trig_Titles_CheckBasic_Actions,udg_TempInteger,a called function also uses it (hand-off)
DevCommands,Trig_DevCommands_Chat_Actions,udg_TempInteger,a called function also uses it (hand-off)
DevCommands,Trig_DevCommands_Chat_Actions,udg_TempPlayer,a called function also uses it (hand-off)
